trade_date,risk_temperature,regime,regime_cn,quality
2019-12-23,37.6,NORMAL,正常,WARN_BREADTH_PROXY|WARN_NOT_BRACKET_30D
2019-12-24,39.6,NORMAL,正常,WARN_BREADTH_PROXY|WARN_NOT_BRACKET_30D
2019-12-25,41.4,CAUTION,警戒,WARN_BREADTH_PROXY|WARN_NOT_BRACKET_30D
2019-12-26,39.1,NORMAL,正常,WARN_BREADTH_PROXY|WARN_NOT_BRACKET_30D
2019-12-27,44.8,CAUTION,警戒,WARN_BREADTH_PROXY|WARN_NOT_BRACKET_30D
2019-12-30,40.3,CAUTION,警戒,WARN_BREADTH_PROXY|WARN_NOT_BRACKET_30D
2019-12-31,41.2,CAUTION,警戒,WARN_BREADTH_PROXY|WARN_NOT_BRACKET_30D
2020-01-02,44.7,CAUTION,警戒,WARN_BREADTH_PROXY|WARN_NOT_BRACKET_30D
2020-01-03,45.8,CAUTION,警戒,WARN_BREADTH_PROXY|WARN_NOT_BRACKET_30D
2020-01-06,38.5,NORMAL,正常,WARN_BREADTH_PROXY|WARN_NOT_BRACKET_30D
2020-01-07,43.0,CAUTION,警戒,WARN_BREADTH_PROXY|WARN_NOT_BRACKET_30D
2020-01-08,41.0,CAUTION,警戒,WARN_BREADTH_PROXY|WARN_NOT_BRACKET_30D
2020-01-09,40.5,CAUTION,警戒,WARN_BREADTH_PROXY|WARN_NOT_BRACKET_30D
2020-01-10,44.5,CAUTION,警戒,WARN_BREADTH_PROXY|WARN_NOT_BRACKET_30D
2020-01-13,37.7,NORMAL,正常,WARN_BREADTH_PROXY|WARN_NOT_BRACKET_30D
2020-01-14,43.0,CAUTION,警戒,WARN_BREADTH_PROXY|WARN_NOT_BRACKET_30D
2020-01-15,41.5,CAUTION,警戒,WARN_BREADTH_PROXY|WARN_NOT_BRACKET_30D
2020-01-16,42.1,CAUTION,警戒,WARN_BREADTH_PROXY|WARN_NOT_BRACKET_30D
2020-01-17,39.4,NORMAL,正常,WARN_BREADTH_PROXY|WARN_NOT_BRACKET_30D
2020-01-20,21.6,NORMAL,正常,WARN_BREADTH_PROXY|WARN_NOT_BRACKET_30D
2020-01-21,45.1,CAUTION,警戒,WARN_BREADTH_PROXY|WARN_NOT_BRACKET_30D
2020-01-22,33.7,NORMAL,正常,WARN_BREADTH_PROXY
2020-01-23,71.8,HIGH_RISK,高风险,WARN_BREADTH_PROXY
2020-02-03,92.1,EXTREME_PANIC,极端恐慌,WARN_BREADTH_PROXY
2020-02-04,85.6,PANIC,恐慌区,WARN_BREADTH_PROXY
2020-02-05,81.0,PANIC,恐慌区,WARN_BREADTH_PROXY
2020-02-06,73.1,HIGH_RISK,高风险,WARN_BREADTH_PROXY
2020-02-07,78.8,PANIC,恐慌区,WARN_BREADTH_PROXY
2020-02-10,69.6,HIGH_RISK,高风险,WARN_BREADTH_PROXY
2020-02-11,67.9,HIGH_RISK,高风险,WARN_BREADTH_PROXY
2020-02-12,61.6,HIGH_RISK,高风险,WARN_BREADTH_PROXY
2020-02-13,68.9,HIGH_RISK,高风险,WARN_BREADTH_PROXY
2020-02-14,59.8,CAUTION,警戒,WARN_BREADTH_PROXY
2020-02-17,61.0,HIGH_RISK,高风险,WARN_BREADTH_PROXY|WARN_NOT_BRACKET_30D
2020-02-18,60.2,HIGH_RISK,高风险,WARN_BREADTH_PROXY|WARN_NOT_BRACKET_30D
2020-02-19,71.2,HIGH_RISK,高风险,WARN_BREADTH_PROXY
2020-02-20,64.8,HIGH_RISK,高风险,WARN_BREADTH_PROXY
2020-02-21,72.1,HIGH_RISK,高风险,WARN_BREADTH_PROXY
2020-02-24,76.2,PANIC,恐慌区,WARN_BREADTH_PROXY
2020-02-25,75.2,PANIC,恐慌区,WARN_BREADTH_PROXY
2020-02-26,82.4,PANIC,恐慌区,WARN_BREADTH_PROXY
2020-02-27,68.3,HIGH_RISK,高风险,WARN_BREADTH_PROXY
2020-02-28,86.8,PANIC,恐慌区,WARN_BREADTH_PROXY
2020-03-02,65.2,HIGH_RISK,高风险,WARN_BREADTH_PROXY
2020-03-03,61.4,HIGH_RISK,高风险,WARN_BREADTH_PROXY
2020-03-04,56.0,CAUTION,警戒,WARN_BREADTH_PROXY
2020-03-05,53.2,CAUTION,警戒,WARN_BREADTH_PROXY
2020-03-06,63.6,HIGH_RISK,高风险,WARN_BREADTH_PROXY
2020-03-09,80.4,PANIC,恐慌区,WARN_BREADTH_PROXY
2020-03-10,73.2,HIGH_RISK,高风险,WARN_BREADTH_PROXY
2020-03-11,78.8,PANIC,恐慌区,WARN_BREADTH_PROXY
2020-03-12,78.1,PANIC,恐慌区,WARN_BREADTH_PROXY
2020-03-13,80.8,PANIC,恐慌区,WARN_BREADTH_PROXY
2020-03-16,88.1,PANIC,恐慌区,WARN_BREADTH_PROXY|WARN_NOT_BRACKET_30D
2020-03-17,83.1,PANIC,恐慌区,WARN_BREADTH_PROXY|WARN_NOT_BRACKET_30D
2020-03-18,87.2,PANIC,恐慌区,WARN_BREADTH_PROXY
2020-03-19,79.2,PANIC,恐慌区,WARN_BREADTH_PROXY
2020-03-20,67.1,HIGH_RISK,高风险,WARN_BREADTH_PROXY
2020-03-23,76.2,PANIC,恐慌区,WARN_BREADTH_PROXY
2020-03-24,67.1,HIGH_RISK,高风险,WARN_BREADTH_PROXY
2020-03-25,67.1,HIGH_RISK,高风险,WARN_BREADTH_PROXY
2020-03-26,69.8,HIGH_RISK,高风险,WARN_BREADTH_PROXY
2020-03-27,67.6,HIGH_RISK,高风险,WARN_BREADTH_PROXY
2020-03-30,67.3,HIGH_RISK,高风险,WARN_BREADTH_PROXY
2020-03-31,59.5,CAUTION,警戒,WARN_BREADTH_PROXY
2020-04-01,62.3,HIGH_RISK,高风险,WARN_BREADTH_PROXY
2020-04-02,55.9,CAUTION,警戒,WARN_BREADTH_PROXY
2020-04-03,62.5,HIGH_RISK,高风险,WARN_BREADTH_PROXY
2020-04-07,54.3,CAUTION,警戒,WARN_BREADTH_PROXY
2020-04-08,54.1,CAUTION,警戒,WARN_BREADTH_PROXY
2020-04-09,45.9,CAUTION,警戒,WARN_BREADTH_PROXY
2020-04-10,49.9,CAUTION,警戒,WARN_BREADTH_PROXY
2020-04-13,46.1,CAUTION,警戒,WARN_BREADTH_PROXY|WARN_NOT_BRACKET_30D
2020-04-14,37.9,NORMAL,正常,WARN_BREADTH_PROXY|WARN_NOT_BRACKET_30D
2020-04-15,45.8,CAUTION,警戒,WARN_BREADTH_PROXY
2020-04-16,40.4,CAUTION,警戒,WARN_BREADTH_PROXY
2020-04-17,39.7,NORMAL,正常,WARN_BREADTH_PROXY
2020-04-20,42.6,CAUTION,警戒,WARN_BREADTH_PROXY
2020-04-21,45.8,CAUTION,警戒,WARN_BREADTH_PROXY
2020-04-22,39.1,NORMAL,正常,WARN_BREADTH_PROXY
2020-04-23,39.6,NORMAL,正常,WARN_BREADTH_PROXY
2020-04-24,38.5,NORMAL,正常,WARN_BREADTH_PROXY
2020-04-27,42.3,CAUTION,警戒,WARN_BREADTH_PROXY
2020-04-28,36.2,NORMAL,正常,WARN_BREADTH_PROXY
2020-04-29,35.8,NORMAL,正常,WARN_BREADTH_PROXY
2020-04-30,41.4,CAUTION,警戒,WARN_BREADTH_PROXY
2020-05-06,39.3,NORMAL,正常,WARN_BREADTH_PROXY
2020-05-07,35.4,NORMAL,正常,WARN_BREADTH_PROXY
2020-05-08,28.1,NORMAL,正常,WARN_BREADTH_PROXY
2020-05-11,33.2,NORMAL,正常,WARN_BREADTH_PROXY|WARN_NOT_BRACKET_30D
2020-05-12,26.6,NORMAL,正常,WARN_BREADTH_PROXY|WARN_NOT_BRACKET_30D
2020-05-13,24.7,NORMAL,正常,WARN_BREADTH_PROXY|WARN_NOT_BRACKET_30D
2020-05-14,31.4,NORMAL,正常,WARN_BREADTH_PROXY|WARN_NOT_BRACKET_30D
2020-05-15,27.4,NORMAL,正常,WARN_BREADTH_PROXY|WARN_NOT_BRACKET_30D
2020-05-18,27.0,NORMAL,正常,WARN_BREADTH_PROXY|WARN_NOT_BRACKET_30D
2020-05-19,21.6,NORMAL,正常,WARN_BREADTH_PROXY|WARN_NOT_BRACKET_30D
2020-05-20,24.8,NORMAL,正常,WARN_BREADTH_PROXY
2020-05-21,30.2,NORMAL,正常,WARN_BREADTH_PROXY
2020-05-22,44.7,CAUTION,警戒,WARN_BREADTH_PROXY
2020-05-25,35.9,NORMAL,正常,WARN_BREADTH_PROXY
2020-05-26,30.7,NORMAL,正常,WARN_BREADTH_PROXY
2020-05-27,42.0,CAUTION,警戒,WARN_BREADTH_PROXY
2020-05-28,38.9,NORMAL,正常,WARN_BREADTH_PROXY
2020-05-29,33.8,NORMAL,正常,WARN_BREADTH_PROXY
2020-06-01,30.9,NORMAL,正常,WARN_BREADTH_PROXY
2020-06-02,31.2,NORMAL,正常,WARN_BREADTH_PROXY
2020-06-03,30.4,NORMAL,正常,WARN_BREADTH_PROXY
2020-06-04,28.1,NORMAL,正常,WARN_BREADTH_PROXY
2020-06-05,24.4,NORMAL,正常,WARN_BREADTH_PROXY
2020-06-08,25.1,NORMAL,正常,WARN_BREADTH_PROXY
2020-06-09,24.3,NORMAL,正常,WARN_BREADTH_PROXY
2020-06-10,26.7,NORMAL,正常,WARN_BREADTH_PROXY
2020-06-11,34.8,NORMAL,正常,WARN_BREADTH_PROXY
2020-06-12,28.8,NORMAL,正常,WARN_BREADTH_PROXY
2020-06-15,36.6,NORMAL,正常,WARN_BREADTH_PROXY|WARN_NOT_BRACKET_30D
2020-06-16,24.1,NORMAL,正常,WARN_BREADTH_PROXY|WARN_NOT_BRACKET_30D
2020-06-17,27.4,NORMAL,正常,WARN_BREADTH_PROXY
2020-06-18,26.3,NORMAL,正常,WARN_BREADTH_PROXY
2020-06-19,29.7,NORMAL,正常,WARN_BREADTH_PROXY
2020-06-22,35.3,NORMAL,正常,WARN_BREADTH_PROXY
2020-06-23,35.7,NORMAL,正常,WARN_BREADTH_PROXY
2020-06-24,37.1,NORMAL,正常,WARN_BREADTH_PROXY
2020-06-29,36.6,NORMAL,正常,WARN_BREADTH_PROXY
2020-06-30,23.6,NORMAL,正常,WARN_BREADTH_PROXY
2020-07-01,28.4,NORMAL,正常,WARN_BREADTH_PROXY
2020-07-02,39.9,NORMAL,正常,WARN_BREADTH_PROXY
2020-07-03,43.4,CAUTION,警戒,WARN_BREADTH_PROXY
2020-07-06,58.0,CAUTION,警戒,WARN_BREADTH_PROXY
2020-07-07,58.7,CAUTION,警戒,WARN_BREADTH_PROXY
2020-07-08,58.6,CAUTION,警戒,WARN_BREADTH_PROXY
2020-07-09,58.0,CAUTION,警戒,WARN_BREADTH_PROXY
2020-07-10,64.1,HIGH_RISK,高风险,WARN_BREADTH_PROXY
2020-07-13,49.5,CAUTION,警戒,WARN_BREADTH_PROXY|WARN_NOT_BRACKET_30D
2020-07-14,56.0,CAUTION,警戒,WARN_BREADTH_PROXY|WARN_NOT_BRACKET_30D
2020-07-15,57.1,CAUTION,警戒,WARN_BREADTH_PROXY|WARN_NOT_BRACKET_30D
2020-07-16,72.3,HIGH_RISK,高风险,WARN_BREADTH_PROXY|WARN_NOT_BRACKET_30D
2020-07-17,54.2,CAUTION,警戒,WARN_BREADTH_PROXY|WARN_NOT_BRACKET_30D
2020-07-20,54.9,CAUTION,警戒,WARN_BREADTH_PROXY|WARN_NOT_BRACKET_30D
2020-07-21,51.6,CAUTION,警戒,WARN_BREADTH_PROXY|WARN_NOT_BRACKET_30D
2020-07-22,50.4,CAUTION,警戒,WARN_BREADTH_PROXY
2020-07-23,54.5,CAUTION,警戒,WARN_BREADTH_PROXY
2020-07-24,74.8,HIGH_RISK,高风险,WARN_BREADTH_PROXY
2020-07-27,60.9,HIGH_RISK,高风险,WARN_BREADTH_PROXY
2020-07-28,59.6,CAUTION,警戒,WARN_BREADTH_PROXY
2020-07-29,58.3,CAUTION,警戒,WARN_BREADTH_PROXY
2020-07-30,63.9,HIGH_RISK,高风险,WARN_BREADTH_PROXY
2020-07-31,56.9,CAUTION,警戒,WARN_BREADTH_PROXY
2020-08-03,57.3,CAUTION,警戒,WARN_BREADTH_PROXY
2020-08-04,57.9,CAUTION,警戒,WARN_BREADTH_PROXY
2020-08-05,53.4,CAUTION,警戒,WARN_BREADTH_PROXY
2020-08-06,63.7,HIGH_RISK,高风险,WARN_BREADTH_PROXY
2020-08-07,59.5,CAUTION,警戒,WARN_BREADTH_PROXY
2020-08-10,53.3,CAUTION,警戒,WARN_BREADTH_PROXY
2020-08-11,54.5,CAUTION,警戒,WARN_BREADTH_PROXY
2020-08-12,54.6,CAUTION,警戒,WARN_BREADTH_PROXY
2020-08-13,46.0,CAUTION,警戒,WARN_BREADTH_PROXY
2020-08-14,44.7,CAUTION,警戒,WARN_BREADTH_PROXY
2020-08-17,48.0,CAUTION,警戒,WARN_BREADTH_PROXY|WARN_NOT_BRACKET_30D
2020-08-18,49.2,CAUTION,警戒,WARN_BREADTH_PROXY|WARN_NOT_BRACKET_30D
2020-08-19,53.9,CAUTION,警戒,WARN_BREADTH_PROXY
2020-08-20,50.9,CAUTION,警戒,WARN_BREADTH_PROXY
2020-08-21,42.3,CAUTION,警戒,WARN_BREADTH_PROXY
2020-08-24,38.9,NORMAL,正常,WARN_BREADTH_PROXY
2020-08-25,40.1,CAUTION,警戒,WARN_BREADTH_PROXY
2020-08-26,44.7,CAUTION,警戒,WARN_BREADTH_PROXY
2020-08-27,37.4,NORMAL,正常,WARN_BREADTH_PROXY
2020-08-28,36.9,NORMAL,正常,WARN_BREADTH_PROXY
2020-08-31,42.8,CAUTION,警戒,WARN_BREADTH_PROXY
2020-09-01,37.6,NORMAL,正常,WARN_BREADTH_PROXY
2020-09-02,38.9,NORMAL,正常,WARN_BREADTH_PROXY
2020-09-03,44.5,CAUTION,警戒,WARN_BREADTH_PROXY
2020-09-04,44.9,CAUTION,警戒,WARN_BREADTH_PROXY
2020-09-07,51.5,CAUTION,警戒,WARN_BREADTH_PROXY
2020-09-08,44.2,CAUTION,警戒,WARN_BREADTH_PROXY
2020-09-09,56.6,CAUTION,警戒,WARN_BREADTH_PROXY
2020-09-10,48.2,CAUTION,警戒,WARN_BREADTH_PROXY
2020-09-11,38.8,NORMAL,正常,WARN_BREADTH_PROXY
2020-09-14,35.3,NORMAL,正常,WARN_BREADTH_PROXY|WARN_NOT_BRACKET_30D
2020-09-15,33.2,NORMAL,正常,WARN_BREADTH_PROXY|WARN_NOT_BRACKET_30D
2020-09-16,35.5,NORMAL,正常,WARN_BREADTH_PROXY
2020-09-17,36.0,NORMAL,正常,WARN_BREADTH_PROXY
2020-09-18,35.6,NORMAL,正常,WARN_BREADTH_PROXY
2020-09-21,42.6,CAUTION,警戒,WARN_BREADTH_PROXY
2020-09-22,45.2,CAUTION,警戒,WARN_BREADTH_PROXY
2020-09-23,37.5,NORMAL,正常,WARN_BREADTH_PROXY
2020-09-24,47.5,CAUTION,警戒,WARN_BREADTH_PROXY
2020-09-25,44.2,CAUTION,警戒,WARN_BREADTH_PROXY
2020-09-28,47.8,CAUTION,警戒,WARN_BREADTH_PROXY
2020-09-29,46.1,CAUTION,警戒,WARN_BREADTH_PROXY
2020-09-30,51.2,CAUTION,警戒,WARN_BREADTH_PROXY
2020-10-09,36.9,NORMAL,正常,WARN_BREADTH_PROXY
2020-10-12,39.5,NORMAL,正常,WARN_BREADTH_PROXY|WARN_NOT_BRACKET_30D
2020-10-13,35.8,NORMAL,正常,WARN_BREADTH_PROXY|WARN_NOT_BRACKET_30D
2020-10-14,39.9,NORMAL,正常,WARN_BREADTH_PROXY|WARN_NOT_BRACKET_30D
2020-10-15,39.4,NORMAL,正常,WARN_BREADTH_PROXY|WARN_NOT_BRACKET_30D
2020-10-16,40.0,CAUTION,警戒,WARN_BREADTH_PROXY|WARN_NOT_BRACKET_30D
2020-10-19,33.4,NORMAL,正常,WARN_BREADTH_PROXY|WARN_NOT_BRACKET_30D
2020-10-20,28.8,NORMAL,正常,WARN_BREADTH_PROXY|WARN_NOT_BRACKET_30D
2020-10-21,36.8,NORMAL,正常,WARN_BREADTH_PROXY
2020-10-22,37.7,NORMAL,正常,WARN_BREADTH_PROXY
2020-10-23,39.1,NORMAL,正常,WARN_BREADTH_PROXY
2020-10-26,38.6,NORMAL,正常,WARN_BREADTH_PROXY
2020-10-27,36.1,NORMAL,正常,WARN_BREADTH_PROXY
2020-10-28,34.6,NORMAL,正常,WARN_BREADTH_PROXY
2020-10-29,34.7,NORMAL,正常,WARN_BREADTH_PROXY
2020-10-30,43.6,CAUTION,警戒,WARN_BREADTH_PROXY
2020-11-02,40.1,CAUTION,警戒,WARN_BREADTH_PROXY
2020-11-03,38.9,NORMAL,正常,WARN_BREADTH_PROXY
2020-11-04,35.3,NORMAL,正常,WARN_BREADTH_PROXY
2020-11-05,31.7,NORMAL,正常,WARN_BREADTH_PROXY
2020-11-06,33.0,NORMAL,正常,WARN_BREADTH_PROXY
2020-11-09,32.6,NORMAL,正常,WARN_BREADTH_PROXY
2020-11-10,38.0,NORMAL,正常,WARN_BREADTH_PROXY
2020-11-11,36.2,NORMAL,正常,WARN_BREADTH_PROXY
2020-11-12,28.7,NORMAL,正常,WARN_BREADTH_PROXY
2020-11-13,30.5,NORMAL,正常,WARN_BREADTH_PROXY
2020-11-16,26.6,NORMAL,正常,WARN_BREADTH_PROXY|WARN_NOT_BRACKET_30D
2020-11-17,30.2,NORMAL,正常,WARN_BREADTH_PROXY|WARN_NOT_BRACKET_30D
2020-11-18,29.4,NORMAL,正常,WARN_BREADTH_PROXY
2020-11-19,26.9,NORMAL,正常,WARN_BREADTH_PROXY
2020-11-20,24.2,NORMAL,正常,WARN_BREADTH_PROXY
2020-11-23,26.7,NORMAL,正常,WARN_BREADTH_PROXY
2020-11-24,28.8,NORMAL,正常,WARN_BREADTH_PROXY
2020-11-25,29.6,NORMAL,正常,WARN_BREADTH_PROXY
2020-11-26,23.6,NORMAL,正常,WARN_BREADTH_PROXY
2020-11-27,22.8,NORMAL,正常,WARN_BREADTH_PROXY
2020-11-30,28.9,NORMAL,正常,WARN_BREADTH_PROXY
2020-12-01,31.5,NORMAL,正常,WARN_BREADTH_PROXY
2020-12-02,37.0,NORMAL,正常,WARN_BREADTH_PROXY
2020-12-03,36.8,NORMAL,正常,WARN_BREADTH_PROXY
2020-12-04,27.5,NORMAL,正常,WARN_BREADTH_PROXY
2020-12-07,30.1,NORMAL,正常,WARN_BREADTH_PROXY
2020-12-08,22.6,NORMAL,正常,WARN_BREADTH_PROXY
2020-12-09,25.6,NORMAL,正常,WARN_BREADTH_PROXY
2020-12-10,18.2,CALM,平静,WARN_BREADTH_PROXY
2020-12-11,27.3,NORMAL,正常,WARN_BREADTH_PROXY
2020-12-14,18.5,CALM,平静,WARN_BREADTH_PROXY|WARN_NOT_BRACKET_30D
2020-12-15,19.5,CALM,平静,WARN_BREADTH_PROXY|WARN_NOT_BRACKET_30D
2020-12-16,23.5,NORMAL,正常,WARN_BREADTH_PROXY
2020-12-17,18.7,CALM,平静,WARN_BREADTH_PROXY
2020-12-18,22.4,NORMAL,正常,WARN_BREADTH_PROXY
2020-12-21,19.6,CALM,平静,WARN_BREADTH_PROXY
2020-12-22,26.8,NORMAL,正常,WARN_BREADTH_PROXY
2020-12-23,19.3,CALM,平静,WARN_BREADTH_PROXY
2020-12-24,24.3,NORMAL,正常,WARN_BREADTH_PROXY
2020-12-25,18.2,CALM,平静,WARN_BREADTH_PROXY
2020-12-28,20.3,NORMAL,正常,WARN_BREADTH_PROXY
2020-12-29,24.1,NORMAL,正常,WARN_BREADTH_PROXY
2020-12-30,21.1,NORMAL,正常,WARN_BREADTH_PROXY
2020-12-31,28.3,NORMAL,正常,WARN_BREADTH_PROXY
2021-01-04,31.7,NORMAL,正常,WARN_BREADTH_PROXY
2021-01-05,32.8,NORMAL,正常,WARN_BREADTH_PROXY
2021-01-06,39.9,NORMAL,正常,WARN_BREADTH_PROXY
2021-01-07,44.2,CAUTION,警戒,WARN_BREADTH_PROXY
2021-01-08,48.1,CAUTION,警戒,WARN_BREADTH_PROXY
2021-01-11,45.3,CAUTION,警戒,WARN_BREADTH_PROXY|WARN_NOT_BRACKET_30D
2021-01-12,42.9,CAUTION,警戒,WARN_BREADTH_PROXY|WARN_NOT_BRACKET_30D
2021-01-13,47.1,CAUTION,警戒,WARN_BREADTH_PROXY|WARN_NOT_BRACKET_30D
2021-01-14,47.3,CAUTION,警戒,WARN_BREADTH_PROXY|WARN_NOT_BRACKET_30D
2021-01-15,40.0,CAUTION,警戒,WARN_BREADTH_PROXY|WARN_NOT_BRACKET_30D
2021-01-18,39.1,NORMAL,正常,WARN_BREADTH_PROXY|WARN_NOT_BRACKET_30D
2021-01-19,45.9,CAUTION,警戒,WARN_BREADTH_PROXY|WARN_NOT_BRACKET_30D
2021-01-20,37.9,NORMAL,正常,WARN_BREADTH_PROXY
2021-01-21,39.5,NORMAL,正常,WARN_BREADTH_PROXY
2021-01-22,36.4,NORMAL,正常,WARN_BREADTH_PROXY
2021-01-25,39.2,NORMAL,正常,WARN_BREADTH_PROXY
2021-01-26,44.0,CAUTION,警戒,WARN_BREADTH_PROXY
2021-01-27,38.5,NORMAL,正常,WARN_BREADTH_PROXY
2021-01-28,52.6,CAUTION,警戒,WARN_BREADTH_PROXY
2021-01-29,52.9,CAUTION,警戒,WARN_BREADTH_PROXY
2021-02-01,47.8,CAUTION,警戒,WARN_BREADTH_PROXY
2021-02-02,42.7,CAUTION,警戒,WARN_BREADTH_PROXY
2021-02-03,46.8,CAUTION,警戒,WARN_BREADTH_PROXY
2021-02-04,47.7,CAUTION,警戒,WARN_BREADTH_PROXY
2021-02-05,45.6,CAUTION,警戒,WARN_BREADTH_PROXY
2021-02-08,40.0,CAUTION,警戒,WARN_BREADTH_PROXY
2021-02-09,38.7,NORMAL,正常,WARN_BREADTH_PROXY
2021-02-10,44.1,CAUTION,警戒,WARN_BREADTH_PROXY
2021-02-18,45.8,CAUTION,警戒,WARN_BREADTH_PROXY
2021-02-19,39.7,NORMAL,正常,WARN_BREADTH_PROXY
2021-02-22,53.4,CAUTION,警戒,WARN_BREADTH_PROXY
2021-02-23,51.3,CAUTION,警戒,WARN_BREADTH_PROXY
2021-02-24,59.0,CAUTION,警戒,WARN_BREADTH_PROXY
2021-02-25,52.8,CAUTION,警戒,WARN_BREADTH_PROXY
2021-02-26,62.1,HIGH_RISK,高风险,WARN_BREADTH_PROXY
2021-03-01,50.4,CAUTION,警戒,WARN_BREADTH_PROXY
2021-03-02,54.5,CAUTION,警戒,WARN_BREADTH_PROXY
2021-03-03,46.8,CAUTION,警戒,WARN_BREADTH_PROXY
2021-03-04,61.3,HIGH_RISK,高风险,WARN_BREADTH_PROXY
2021-03-05,57.2,CAUTION,警戒,WARN_BREADTH_PROXY
2021-03-08,69.3,HIGH_RISK,高风险,WARN_BREADTH_PROXY
2021-03-09,70.1,HIGH_RISK,高风险,WARN_BREADTH_PROXY
2021-03-10,63.1,HIGH_RISK,高风险,WARN_BREADTH_PROXY
2021-03-11,53.7,CAUTION,警戒,WARN_BREADTH_PROXY
2021-03-12,50.4,CAUTION,警戒,WARN_BREADTH_PROXY
2021-03-15,56.9,CAUTION,警戒,WARN_BREADTH_PROXY|WARN_NOT_BRACKET_30D
2021-03-16,48.9,CAUTION,警戒,WARN_BREADTH_PROXY|WARN_NOT_BRACKET_30D
2021-03-17,52.3,CAUTION,警戒,WARN_BREADTH_PROXY
2021-03-18,48.7,CAUTION,警戒,WARN_BREADTH_PROXY
2021-03-19,55.9,CAUTION,警戒,WARN_BREADTH_PROXY
2021-03-22,48.1,CAUTION,警戒,WARN_BREADTH_PROXY
2021-03-23,51.4,CAUTION,警戒,WARN_BREADTH_PROXY
2021-03-24,54.6,CAUTION,警戒,WARN_BREADTH_PROXY
2021-03-25,50.4,CAUTION,警戒,WARN_BREADTH_PROXY
2021-03-26,41.6,CAUTION,警戒,WARN_BREADTH_PROXY
2021-03-29,43.2,CAUTION,警戒,WARN_BREADTH_PROXY
2021-03-30,42.0,CAUTION,警戒,WARN_BREADTH_PROXY
2021-03-31,44.2,CAUTION,警戒,WARN_BREADTH_PROXY
2021-04-01,36.3,NORMAL,正常,WARN_BREADTH_PROXY
2021-04-02,38.7,NORMAL,正常,WARN_BREADTH_PROXY
2021-04-06,41.0,CAUTION,警戒,WARN_BREADTH_PROXY
2021-04-07,37.5,NORMAL,正常,WARN_BREADTH_PROXY
2021-04-08,31.9,NORMAL,正常,WARN_BREADTH_PROXY
2021-04-09,35.5,NORMAL,正常,WARN_BREADTH_PROXY
2021-04-12,38.9,NORMAL,正常,WARN_BREADTH_PROXY|WARN_NOT_BRACKET_30D
2021-04-13,39.3,NORMAL,正常,WARN_BREADTH_PROXY|WARN_NOT_BRACKET_30D
2021-04-14,35.3,NORMAL,正常,WARN_BREADTH_PROXY|WARN_NOT_BRACKET_30D
2021-04-15,41.5,CAUTION,警戒,WARN_BREADTH_PROXY|WARN_NOT_BRACKET_30D
2021-04-16,35.9,NORMAL,正常,WARN_BREADTH_PROXY|WARN_NOT_BRACKET_30D
2021-04-19,36.2,NORMAL,正常,WARN_BREADTH_PROXY|WARN_NOT_BRACKET_30D
2021-04-20,38.1,NORMAL,正常,WARN_BREADTH_PROXY|WARN_NOT_BRACKET_30D
2021-04-21,36.3,NORMAL,正常,WARN_BREADTH_PROXY
2021-04-22,36.4,NORMAL,正常,WARN_BREADTH_PROXY
2021-04-23,37.6,NORMAL,正常,WARN_BREADTH_PROXY
2021-04-26,41.4,CAUTION,警戒,WARN_BREADTH_PROXY
2021-04-27,37.1,NORMAL,正常,WARN_BREADTH_PROXY
2021-04-28,36.8,NORMAL,正常,WARN_BREADTH_PROXY
2021-04-29,39.0,NORMAL,正常,WARN_BREADTH_PROXY
2021-04-30,40.6,CAUTION,警戒,WARN_BREADTH_PROXY
2021-05-06,39.9,NORMAL,正常,WARN_BREADTH_PROXY
2021-05-07,42.6,CAUTION,警戒,WARN_BREADTH_PROXY
2021-05-10,35.9,NORMAL,正常,WARN_BREADTH_PROXY
2021-05-11,39.4,NORMAL,正常,WARN_BREADTH_PROXY
2021-05-12,37.3,NORMAL,正常,WARN_BREADTH_PROXY
2021-05-13,43.4,CAUTION,警戒,WARN_BREADTH_PROXY
2021-05-14,40.9,CAUTION,警戒,WARN_BREADTH_PROXY
2021-05-17,45.4,CAUTION,警戒,WARN_BREADTH_PROXY|WARN_NOT_BRACKET_30D
2021-05-18,43.3,CAUTION,警戒,WARN_BREADTH_PROXY|WARN_NOT_BRACKET_30D
2021-05-19,43.0,CAUTION,警戒,WARN_BREADTH_PROXY
2021-05-20,46.3,CAUTION,警戒,WARN_BREADTH_PROXY
2021-05-21,40.4,CAUTION,警戒,WARN_BREADTH_PROXY
2021-05-24,33.4,NORMAL,正常,WARN_BREADTH_PROXY
2021-05-25,48.4,CAUTION,警戒,WARN_BREADTH_PROXY
2021-05-26,49.2,CAUTION,警戒,WARN_BREADTH_PROXY
2021-05-27,49.8,CAUTION,警戒,WARN_BREADTH_PROXY
2021-05-28,54.2,CAUTION,警戒,WARN_BREADTH_PROXY
2021-05-31,51.9,CAUTION,警戒,WARN_BREADTH_PROXY
2021-06-01,49.3,CAUTION,警戒,WARN_BREADTH_PROXY
2021-06-02,46.9,CAUTION,警戒,WARN_BREADTH_PROXY
2021-06-03,42.5,CAUTION,警戒,WARN_BREADTH_PROXY
2021-06-04,31.6,NORMAL,正常,WARN_BREADTH_PROXY
2021-06-07,41.0,CAUTION,警戒,WARN_BREADTH_PROXY
2021-06-08,45.7,CAUTION,警戒,WARN_BREADTH_PROXY
2021-06-09,32.4,NORMAL,正常,WARN_BREADTH_PROXY
2021-06-10,27.7,NORMAL,正常,WARN_BREADTH_PROXY
2021-06-11,40.1,CAUTION,警戒,WARN_BREADTH_PROXY
2021-06-15,30.7,NORMAL,正常,WARN_BREADTH_PROXY|WARN_NOT_BRACKET_30D
2021-06-16,36.3,NORMAL,正常,WARN_BREADTH_PROXY
2021-06-17,25.7,NORMAL,正常,WARN_BREADTH_PROXY
2021-06-18,26.5,NORMAL,正常,WARN_BREADTH_PROXY
2021-06-21,26.3,NORMAL,正常,WARN_BREADTH_PROXY
2021-06-22,23.6,NORMAL,正常,WARN_BREADTH_PROXY
2021-06-23,23.6,NORMAL,正常,WARN_BREADTH_PROXY
2021-06-24,26.2,NORMAL,正常,WARN_BREADTH_PROXY
2021-06-25,23.9,NORMAL,正常,WARN_BREADTH_PROXY
2021-06-28,26.3,NORMAL,正常,WARN_BREADTH_PROXY
2021-06-29,31.1,NORMAL,正常,WARN_BREADTH_PROXY
2021-06-30,28.5,NORMAL,正常,WARN_BREADTH_PROXY
2021-07-01,22.5,NORMAL,正常,WARN_BREADTH_PROXY
2021-07-02,30.7,NORMAL,正常,WARN_BREADTH_PROXY
2021-07-05,29.8,NORMAL,正常,WARN_BREADTH_PROXY
2021-07-06,26.2,NORMAL,正常,WARN_BREADTH_PROXY
2021-07-07,20.0,NORMAL,正常,WARN_BREADTH_PROXY
2021-07-08,25.8,NORMAL,正常,WARN_BREADTH_PROXY
2021-07-09,27.0,NORMAL,正常,WARN_BREADTH_PROXY
2021-07-12,24.2,NORMAL,正常,WARN_BREADTH_PROXY|WARN_NOT_BRACKET_30D
2021-07-13,24.6,NORMAL,正常,WARN_BREADTH_PROXY|WARN_NOT_BRACKET_30D
2021-07-14,28.9,NORMAL,正常,WARN_BREADTH_PROXY|WARN_NOT_BRACKET_30D
2021-07-15,23.8,NORMAL,正常,WARN_BREADTH_PROXY|WARN_NOT_BRACKET_30D
2021-07-16,26.0,NORMAL,正常,WARN_BREADTH_PROXY|WARN_NOT_BRACKET_30D
2021-07-19,25.0,NORMAL,正常,WARN_BREADTH_PROXY|WARN_NOT_BRACKET_30D
2021-07-20,24.9,NORMAL,正常,WARN_BREADTH_PROXY|WARN_NOT_BRACKET_30D
2021-07-21,22.6,NORMAL,正常,WARN_BREADTH_PROXY
2021-07-22,24.0,NORMAL,正常,WARN_BREADTH_PROXY
2021-07-23,28.3,NORMAL,正常,WARN_BREADTH_PROXY
2021-07-26,54.8,CAUTION,警戒,WARN_BREADTH_PROXY
2021-07-27,68.0,HIGH_RISK,高风险,WARN_BREADTH_PROXY
2021-07-28,61.6,HIGH_RISK,高风险,WARN_BREADTH_PROXY
2021-07-29,48.9,CAUTION,警戒,WARN_BREADTH_PROXY
2021-07-30,52.0,CAUTION,警戒,WARN_BREADTH_PROXY
2021-08-02,44.7,CAUTION,警戒,WARN_BREADTH_PROXY
2021-08-03,44.8,CAUTION,警戒,WARN_BREADTH_PROXY
2021-08-04,39.8,NORMAL,正常,WARN_BREADTH_PROXY
2021-08-05,46.4,CAUTION,警戒,WARN_BREADTH_PROXY
2021-08-06,43.9,CAUTION,警戒,WARN_BREADTH_PROXY
2021-08-09,41.5,CAUTION,警戒,WARN_BREADTH_PROXY
2021-08-10,40.7,CAUTION,警戒,WARN_BREADTH_PROXY
2021-08-11,41.3,CAUTION,警戒,WARN_BREADTH_PROXY
2021-08-12,42.3,CAUTION,警戒,WARN_BREADTH_PROXY
2021-08-13,44.3,CAUTION,警戒,WARN_BREADTH_PROXY
2021-08-16,46.4,CAUTION,警戒,WARN_BREADTH_PROXY|WARN_NOT_BRACKET_30D
2021-08-17,54.8,CAUTION,警戒,WARN_BREADTH_PROXY|WARN_NOT_BRACKET_30D
2021-08-18,43.8,CAUTION,警戒,WARN_BREADTH_PROXY
2021-08-19,50.1,CAUTION,警戒,WARN_BREADTH_PROXY
2021-08-20,60.7,HIGH_RISK,高风险,WARN_BREADTH_PROXY
2021-08-23,48.1,CAUTION,警戒,WARN_BREADTH_PROXY
2021-08-24,39.1,NORMAL,正常,WARN_BREADTH_PROXY
2021-08-25,33.7,NORMAL,正常,WARN_BREADTH_PROXY
2021-08-26,49.2,CAUTION,警戒,WARN_BREADTH_PROXY
2021-08-27,41.7,CAUTION,警戒,WARN_BREADTH_PROXY
2021-08-30,44.3,CAUTION,警戒,WARN_BREADTH_PROXY
2021-08-31,44.7,CAUTION,警戒,WARN_BREADTH_PROXY
2021-09-01,46.3,CAUTION,警戒,WARN_BREADTH_PROXY
2021-09-02,45.5,CAUTION,警戒,WARN_BREADTH_PROXY
2021-09-03,46.9,CAUTION,警戒,WARN_BREADTH_PROXY
2021-09-06,34.7,NORMAL,正常,WARN_BREADTH_PROXY
2021-09-07,39.7,NORMAL,正常,WARN_BREADTH_PROXY
2021-09-08,39.5,NORMAL,正常,WARN_BREADTH_PROXY
2021-09-09,37.7,NORMAL,正常,WARN_BREADTH_PROXY
2021-09-10,41.6,CAUTION,警戒,WARN_BREADTH_PROXY
2021-09-13,36.6,NORMAL,正常,WARN_BREADTH_PROXY|WARN_NOT_BRACKET_30D
2021-09-14,39.1,NORMAL,正常,WARN_BREADTH_PROXY|WARN_NOT_BRACKET_30D
2021-09-15,35.6,NORMAL,正常,WARN_BREADTH_PROXY
2021-09-16,51.3,CAUTION,警戒,WARN_BREADTH_PROXY
2021-09-17,32.3,NORMAL,正常,WARN_BREADTH_PROXY
2021-09-22,42.0,CAUTION,警戒,WARN_BREADTH_PROXY
2021-09-23,40.8,CAUTION,警戒,WARN_BREADTH_PROXY
2021-09-24,39.8,NORMAL,正常,WARN_BREADTH_PROXY
2021-09-27,38.8,NORMAL,正常,WARN_BREADTH_PROXY
2021-09-28,36.9,NORMAL,正常,WARN_BREADTH_PROXY
2021-09-29,47.7,CAUTION,警戒,WARN_BREADTH_PROXY
2021-09-30,40.2,CAUTION,警戒,WARN_BREADTH_PROXY
2021-10-08,34.7,NORMAL,正常,WARN_BREADTH_PROXY
2021-10-11,28.3,NORMAL,正常,WARN_BREADTH_PROXY|WARN_NOT_BRACKET_30D
2021-10-12,30.1,NORMAL,正常,WARN_BREADTH_PROXY|WARN_NOT_BRACKET_30D
2021-10-13,26.6,NORMAL,正常,WARN_BREADTH_PROXY|WARN_NOT_BRACKET_30D
2021-10-14,27.5,NORMAL,正常,WARN_BREADTH_PROXY|WARN_NOT_BRACKET_30D
2021-10-15,25.5,NORMAL,正常,WARN_BREADTH_PROXY|WARN_NOT_BRACKET_30D
2021-10-18,32.3,NORMAL,正常,WARN_BREADTH_PROXY|WARN_NOT_BRACKET_30D
2021-10-19,22.3,NORMAL,正常,WARN_BREADTH_PROXY|WARN_NOT_BRACKET_30D
2021-10-20,32.4,NORMAL,正常,WARN_BREADTH_PROXY
2021-10-21,31.9,NORMAL,正常,WARN_BREADTH_PROXY
2021-10-22,27.1,NORMAL,正常,WARN_BREADTH_PROXY
2021-10-25,29.7,NORMAL,正常,WARN_BREADTH_PROXY
2021-10-26,34.0,NORMAL,正常,WARN_BREADTH_PROXY
2021-10-27,35.2,NORMAL,正常,WARN_BREADTH_PROXY
2021-10-28,37.2,NORMAL,正常,WARN_BREADTH_PROXY
2021-10-29,28.9,NORMAL,正常,WARN_BREADTH_PROXY
2021-11-01,26.0,NORMAL,正常,WARN_BREADTH_PROXY
2021-11-02,34.5,NORMAL,正常,WARN_BREADTH_PROXY
2021-11-03,33.7,NORMAL,正常,WARN_BREADTH_PROXY
2021-11-04,22.4,NORMAL,正常,WARN_BREADTH_PROXY
2021-11-05,26.9,NORMAL,正常,WARN_BREADTH_PROXY
2021-11-08,23.6,NORMAL,正常,WARN_BREADTH_PROXY
2021-11-09,21.8,NORMAL,正常,WARN_BREADTH_PROXY
2021-11-10,25.7,NORMAL,正常,WARN_BREADTH_PROXY
2021-11-11,28.6,NORMAL,正常,WARN_BREADTH_PROXY
2021-11-12,29.3,NORMAL,正常,WARN_BREADTH_PROXY
2021-11-15,33.4,NORMAL,正常,WARN_BREADTH_PROXY|WARN_NOT_BRACKET_30D
2021-11-16,30.5,NORMAL,正常,WARN_BREADTH_PROXY|WARN_NOT_BRACKET_30D
2021-11-17,17.0,CALM,平静,WARN_BREADTH_PROXY
2021-11-18,30.1,NORMAL,正常,WARN_BREADTH_PROXY
2021-11-19,15.1,CALM,平静,WARN_BREADTH_PROXY
2021-11-22,14.4,CALM,平静,WARN_BREADTH_PROXY
2021-11-23,16.6,CALM,平静,WARN_BREADTH_PROXY
2021-11-25,15.8,CALM,平静,WARN_BREADTH_PROXY
2021-11-26,15.7,CALM,平静,WARN_BREADTH_PROXY
2021-11-29,16.2,CALM,平静,WARN_BREADTH_PROXY
2021-11-30,16.1,CALM,平静,WARN_BREADTH_PROXY
2021-12-01,13.6,CALM,平静,WARN_BREADTH_PROXY
2021-12-02,17.1,CALM,平静,WARN_BREADTH_PROXY
2021-12-03,11.3,CALM,平静,WARN_BREADTH_PROXY
2021-12-06,17.3,CALM,平静,WARN_BREADTH_PROXY
2021-12-07,16.1,CALM,平静,WARN_BREADTH_PROXY
2021-12-08,15.2,CALM,平静,WARN_BREADTH_PROXY
2021-12-09,16.8,CALM,平静,WARN_BREADTH_PROXY
2021-12-10,19.5,CALM,平静,WARN_BREADTH_PROXY
2021-12-13,17.5,CALM,平静,WARN_BREADTH_PROXY|WARN_NOT_BRACKET_30D
2021-12-14,20.5,NORMAL,正常,WARN_BREADTH_PROXY|WARN_NOT_BRACKET_30D
2021-12-15,18.7,CALM,平静,WARN_BREADTH_PROXY|WARN_NOT_BRACKET_30D
2021-12-16,12.2,CALM,平静,WARN_BREADTH_PROXY|WARN_NOT_BRACKET_30D
2021-12-17,20.5,NORMAL,正常,WARN_BREADTH_PROXY|WARN_NOT_BRACKET_30D
2021-12-20,25.3,NORMAL,正常,WARN_BREADTH_PROXY|WARN_NOT_BRACKET_30D
2021-12-21,17.1,CALM,平静,WARN_BREADTH_PROXY|WARN_NOT_BRACKET_30D
2021-12-22,26.0,NORMAL,正常,WARN_BREADTH_PROXY
2021-12-23,23.0,NORMAL,正常,WARN_BREADTH_PROXY
2021-12-24,28.9,NORMAL,正常,WARN_BREADTH_PROXY
2021-12-27,29.0,NORMAL,正常,WARN_BREADTH_PROXY
2021-12-28,25.0,NORMAL,正常,WARN_BREADTH_PROXY
2021-12-29,36.1,NORMAL,正常,WARN_BREADTH_PROXY
2021-12-30,39.2,NORMAL,正常,BAD_NO_TERM
2021-12-31,25.2,NORMAL,正常,WARN_BREADTH_PROXY
2022-01-04,31.0,NORMAL,正常,WARN_BREADTH_PROXY
2022-01-05,39.0,NORMAL,正常,WARN_BREADTH_PROXY
2022-01-06,37.3,NORMAL,正常,WARN_BREADTH_PROXY
2022-01-07,33.8,NORMAL,正常,WARN_BREADTH_PROXY
2022-01-10,31.1,NORMAL,正常,WARN_BREADTH_PROXY
2022-01-11,36.2,NORMAL,正常,WARN_BREADTH_PROXY
2022-01-12,27.8,NORMAL,正常,WARN_BREADTH_PROXY
2022-01-13,38.4,NORMAL,正常,WARN_BREADTH_PROXY
2022-01-14,39.8,NORMAL,正常,WARN_BREADTH_PROXY
2022-01-17,31.6,NORMAL,正常,WARN_BREADTH_PROXY|WARN_NOT_BRACKET_30D
2022-01-18,30.2,NORMAL,正常,WARN_BREADTH_PROXY|WARN_NOT_BRACKET_30D
2022-01-19,34.7,NORMAL,正常,WARN_BREADTH_PROXY
2022-01-20,32.4,NORMAL,正常,WARN_BREADTH_PROXY
2022-01-21,35.3,NORMAL,正常,WARN_BREADTH_PROXY
2022-01-24,34.0,NORMAL,正常,WARN_BREADTH_PROXY
2022-01-25,61.1,HIGH_RISK,高风险,WARN_BREADTH_PROXY
2022-01-26,43.8,CAUTION,警戒,WARN_BREADTH_PROXY
2022-01-27,58.1,CAUTION,警戒,WARN_BREADTH_PROXY
2022-01-28,64.2,HIGH_RISK,高风险,WARN_BREADTH_PROXY
2022-02-07,46.6,CAUTION,警戒,WARN_BREADTH_PROXY
2022-02-08,41.9,CAUTION,警戒,WARN_BREADTH_PROXY
2022-02-09,37.2,NORMAL,正常,WARN_BREADTH_PROXY
2022-02-10,38.4,NORMAL,正常,WARN_BREADTH_PROXY
2022-02-11,34.2,NORMAL,正常,WARN_BREADTH_PROXY
2022-02-14,40.4,CAUTION,警戒,WARN_BREADTH_PROXY|WARN_NOT_BRACKET_30D
2022-02-15,38.0,NORMAL,正常,WARN_BREADTH_PROXY|WARN_NOT_BRACKET_30D
2022-02-16,35.6,NORMAL,正常,WARN_BREADTH_PROXY
2022-02-17,32.1,NORMAL,正常,WARN_BREADTH_PROXY
2022-02-18,34.1,NORMAL,正常,WARN_BREADTH_PROXY
2022-02-21,30.2,NORMAL,正常,WARN_BREADTH_PROXY
2022-02-22,40.1,CAUTION,警戒,WARN_BREADTH_PROXY
2022-02-23,32.6,NORMAL,正常,WARN_BREADTH_PROXY
2022-02-24,48.3,CAUTION,警戒,WARN_BREADTH_PROXY
2022-02-25,38.7,NORMAL,正常,WARN_BREADTH_PROXY
2022-02-28,41.4,CAUTION,警戒,WARN_BREADTH_PROXY
2022-03-01,35.2,NORMAL,正常,WARN_BREADTH_PROXY
2022-03-02,41.6,CAUTION,警戒,WARN_BREADTH_PROXY
2022-03-03,40.9,CAUTION,警戒,WARN_BREADTH_PROXY
2022-03-04,40.0,CAUTION,警戒,WARN_BREADTH_PROXY
2022-03-07,62.8,HIGH_RISK,高风险,WARN_BREADTH_PROXY
2022-03-08,73.8,HIGH_RISK,高风险,WARN_BREADTH_PROXY
2022-03-09,81.0,PANIC,恐慌区,WARN_BREADTH_PROXY
2022-03-10,69.4,HIGH_RISK,高风险,WARN_BREADTH_PROXY
2022-03-11,72.6,HIGH_RISK,高风险,WARN_BREADTH_PROXY
2022-03-14,86.3,PANIC,恐慌区,WARN_BREADTH_PROXY|WARN_NOT_BRACKET_30D
2022-03-15,92.3,EXTREME_PANIC,极端恐慌,WARN_BREADTH_PROXY|WARN_NOT_BRACKET_30D
2022-03-16,81.8,PANIC,恐慌区,WARN_BREADTH_PROXY
2022-03-17,80.3,PANIC,恐慌区,WARN_BREADTH_PROXY
2022-03-18,69.9,HIGH_RISK,高风险,WARN_BREADTH_PROXY
2022-03-21,70.9,HIGH_RISK,高风险,WARN_BREADTH_PROXY
2022-03-22,66.5,HIGH_RISK,高风险,WARN_BREADTH_PROXY
2022-03-23,57.3,CAUTION,警戒,WARN_BREADTH_PROXY
2022-03-24,57.7,CAUTION,警戒,WARN_BREADTH_PROXY
2022-03-25,61.7,HIGH_RISK,高风险,WARN_BREADTH_PROXY
2022-03-28,66.9,HIGH_RISK,高风险,WARN_BREADTH_PROXY
2022-03-29,69.9,HIGH_RISK,高风险,WARN_BREADTH_PROXY
2022-03-30,64.9,HIGH_RISK,高风险,WARN_BREADTH_PROXY
2022-03-31,67.4,HIGH_RISK,高风险,WARN_BREADTH_PROXY
2022-04-01,63.2,HIGH_RISK,高风险,WARN_BREADTH_PROXY
2022-04-06,66.5,HIGH_RISK,高风险,WARN_BREADTH_PROXY
2022-04-07,69.8,HIGH_RISK,高风险,WARN_BREADTH_PROXY
2022-04-08,64.2,HIGH_RISK,高风险,WARN_BREADTH_PROXY
2022-04-11,81.8,PANIC,恐慌区,WARN_BREADTH_PROXY|WARN_NOT_BRACKET_30D
2022-04-12,63.8,HIGH_RISK,高风险,WARN_BREADTH_PROXY|WARN_NOT_BRACKET_30D
2022-04-13,68.7,HIGH_RISK,高风险,WARN_BREADTH_PROXY|WARN_NOT_BRACKET_30D
2022-04-14,59.8,CAUTION,警戒,WARN_BREADTH_PROXY|WARN_NOT_BRACKET_30D
2022-04-15,62.3,HIGH_RISK,高风险,WARN_BREADTH_PROXY|WARN_NOT_BRACKET_30D
2022-04-18,63.8,HIGH_RISK,高风险,WARN_BREADTH_PROXY|WARN_NOT_BRACKET_30D
2022-04-19,62.4,HIGH_RISK,高风险,WARN_BREADTH_PROXY|WARN_NOT_BRACKET_30D
2022-04-20,73.2,HIGH_RISK,高风险,WARN_BREADTH_PROXY
2022-04-21,81.2,PANIC,恐慌区,WARN_BREADTH_PROXY
2022-04-22,75.5,PANIC,恐慌区,WARN_BREADTH_PROXY
2022-04-25,89.6,PANIC,恐慌区,WARN_BREADTH_PROXY
2022-04-26,85.4,PANIC,恐慌区,WARN_BREADTH_PROXY
2022-04-27,74.5,HIGH_RISK,高风险,WARN_BREADTH_PROXY
2022-04-28,71.2,HIGH_RISK,高风险,WARN_BREADTH_PROXY
2022-04-29,64.5,HIGH_RISK,高风险,WARN_BREADTH_PROXY
2022-05-05,64.4,HIGH_RISK,高风险,WARN_BREADTH_PROXY
2022-05-06,70.6,HIGH_RISK,高风险,WARN_BREADTH_PROXY
2022-05-09,70.1,HIGH_RISK,高风险,WARN_BREADTH_PROXY
2022-05-10,69.3,HIGH_RISK,高风险,WARN_BREADTH_PROXY
2022-05-11,69.4,HIGH_RISK,高风险,WARN_BREADTH_PROXY
2022-05-12,70.3,HIGH_RISK,高风险,WARN_BREADTH_PROXY
2022-05-13,64.7,HIGH_RISK,高风险,WARN_BREADTH_PROXY
2022-05-16,69.3,HIGH_RISK,高风险,WARN_BREADTH_PROXY|WARN_NOT_BRACKET_30D
2022-05-17,60.7,HIGH_RISK,高风险,WARN_BREADTH_PROXY|WARN_NOT_BRACKET_30D
2022-05-18,64.8,HIGH_RISK,高风险,WARN_BREADTH_PROXY
2022-05-19,59.1,CAUTION,警戒,WARN_BREADTH_PROXY
2022-05-20,57.4,CAUTION,警戒,WARN_BREADTH_PROXY
2022-05-23,57.4,CAUTION,警戒,WARN_BREADTH_PROXY
2022-05-24,68.6,HIGH_RISK,高风险,WARN_BREADTH_PROXY
2022-05-25,57.5,CAUTION,警戒,WARN_BREADTH_PROXY
2022-05-26,53.8,CAUTION,警戒,WARN_BREADTH_PROXY
2022-05-27,53.8,CAUTION,警戒,WARN_BREADTH_PROXY
2022-05-30,53.4,CAUTION,警戒,WARN_BREADTH_PROXY
2022-05-31,52.4,CAUTION,警戒,WARN_BREADTH_PROXY
2022-06-01,53.5,CAUTION,警戒,WARN_BREADTH_PROXY
2022-06-02,48.9,CAUTION,警戒,WARN_BREADTH_PROXY
2022-06-06,47.6,CAUTION,警戒,WARN_BREADTH_PROXY
2022-06-07,47.3,CAUTION,警戒,WARN_BREADTH_PROXY
2022-06-08,45.1,CAUTION,警戒,WARN_BREADTH_PROXY
2022-06-09,49.8,CAUTION,警戒,WARN_BREADTH_PROXY
2022-06-10,43.2,CAUTION,警戒,WARN_BREADTH_PROXY
2022-06-13,50.2,CAUTION,警戒,WARN_BREADTH_PROXY|WARN_NOT_BRACKET_30D
2022-06-14,45.7,CAUTION,警戒,WARN_BREADTH_PROXY|WARN_NOT_BRACKET_30D
2022-06-15,50.9,CAUTION,警戒,WARN_BREADTH_PROXY
2022-06-16,48.5,CAUTION,警戒,WARN_BREADTH_PROXY
2022-06-17,45.9,CAUTION,警戒,WARN_BREADTH_PROXY
2022-06-20,44.2,CAUTION,警戒,WARN_BREADTH_PROXY
2022-06-21,46.0,CAUTION,警戒,WARN_BREADTH_PROXY
2022-06-22,40.9,CAUTION,警戒,WARN_BREADTH_PROXY
2022-06-23,34.8,NORMAL,正常,WARN_BREADTH_PROXY
2022-06-24,33.1,NORMAL,正常,WARN_BREADTH_PROXY
2022-06-27,37.0,NORMAL,正常,WARN_BREADTH_PROXY
2022-06-28,37.3,NORMAL,正常,WARN_BREADTH_PROXY
2022-06-29,47.7,CAUTION,警戒,WARN_BREADTH_PROXY
2022-06-30,43.5,CAUTION,警戒,WARN_BREADTH_PROXY
2022-07-01,47.7,CAUTION,警戒,WARN_BREADTH_PROXY
2022-07-04,42.0,CAUTION,警戒,WARN_BREADTH_PROXY
2022-07-05,47.2,CAUTION,警戒,WARN_BREADTH_PROXY
2022-07-06,52.2,CAUTION,警戒,WARN_BREADTH_PROXY
2022-07-07,43.5,CAUTION,警戒,WARN_BREADTH_PROXY
2022-07-08,44.6,CAUTION,警戒,WARN_BREADTH_PROXY
2022-07-11,51.1,CAUTION,警戒,WARN_BREADTH_PROXY|WARN_NOT_BRACKET_30D
2022-07-12,48.0,CAUTION,警戒,WARN_BREADTH_PROXY|WARN_NOT_BRACKET_30D
2022-07-13,40.5,CAUTION,警戒,WARN_BREADTH_PROXY|WARN_NOT_BRACKET_30D
2022-07-14,39.0,NORMAL,正常,WARN_BREADTH_PROXY|WARN_NOT_BRACKET_30D
2022-07-15,48.3,CAUTION,警戒,WARN_BREADTH_PROXY|WARN_NOT_BRACKET_30D
2022-07-18,40.7,CAUTION,警戒,WARN_BREADTH_PROXY|WARN_NOT_BRACKET_30D
2022-07-19,44.0,CAUTION,警戒,WARN_BREADTH_PROXY|WARN_NOT_BRACKET_30D
2022-07-20,35.7,NORMAL,正常,WARN_BREADTH_PROXY
2022-07-21,43.0,CAUTION,警戒,WARN_BREADTH_PROXY
2022-07-22,38.9,NORMAL,正常,WARN_BREADTH_PROXY
2022-07-25,44.2,CAUTION,警戒,WARN_BREADTH_PROXY
2022-07-26,32.9,NORMAL,正常,WARN_BREADTH_PROXY
2022-07-27,36.1,NORMAL,正常,WARN_BREADTH_PROXY
2022-07-28,33.6,NORMAL,正常,WARN_BREADTH_PROXY
2022-07-29,45.8,CAUTION,警戒,WARN_BREADTH_PROXY
2022-08-01,40.5,CAUTION,警戒,WARN_BREADTH_PROXY
2022-08-02,66.0,HIGH_RISK,高风险,WARN_BREADTH_PROXY
2022-08-03,60.7,HIGH_RISK,高风险,WARN_BREADTH_PROXY
2022-08-04,45.2,CAUTION,警戒,WARN_BREADTH_PROXY
2022-08-05,37.2,NORMAL,正常,WARN_BREADTH_PROXY
2022-08-08,40.6,CAUTION,警戒,WARN_BREADTH_PROXY
2022-08-09,35.2,NORMAL,正常,WARN_BREADTH_PROXY
2022-08-10,43.4,CAUTION,警戒,WARN_BREADTH_PROXY
2022-08-11,38.8,NORMAL,正常,WARN_BREADTH_PROXY
2022-08-12,40.2,CAUTION,警戒,WARN_BREADTH_PROXY
2022-08-15,36.1,NORMAL,正常,WARN_BREADTH_PROXY|WARN_NOT_BRACKET_30D
2022-08-16,32.7,NORMAL,正常,WARN_BREADTH_PROXY|WARN_NOT_BRACKET_30D
2022-08-17,28.8,NORMAL,正常,WARN_BREADTH_PROXY
2022-08-18,35.0,NORMAL,正常,WARN_BREADTH_PROXY
2022-08-19,35.2,NORMAL,正常,WARN_BREADTH_PROXY
2022-08-22,26.0,NORMAL,正常,WARN_BREADTH_PROXY
2022-08-23,28.8,NORMAL,正常,WARN_BREADTH_PROXY
2022-08-24,44.7,CAUTION,警戒,WARN_BREADTH_PROXY
2022-08-25,30.8,NORMAL,正常,WARN_BREADTH_PROXY
2022-08-26,30.8,NORMAL,正常,WARN_BREADTH_PROXY
2022-08-29,31.9,NORMAL,正常,WARN_BREADTH_PROXY
2022-08-30,33.4,NORMAL,正常,WARN_BREADTH_PROXY
2022-08-31,34.0,NORMAL,正常,WARN_BREADTH_PROXY
2022-09-01,36.0,NORMAL,正常,WARN_BREADTH_PROXY
2022-09-02,34.4,NORMAL,正常,WARN_BREADTH_PROXY
2022-09-05,36.1,NORMAL,正常,WARN_BREADTH_PROXY
2022-09-06,28.4,NORMAL,正常,WARN_BREADTH_PROXY
2022-09-07,26.2,NORMAL,正常,WARN_BREADTH_PROXY
2022-09-08,28.7,NORMAL,正常,WARN_BREADTH_PROXY
2022-09-09,20.7,NORMAL,正常,WARN_BREADTH_PROXY
2022-09-13,30.7,NORMAL,正常,WARN_BREADTH_PROXY|WARN_NOT_BRACKET_30D
2022-09-14,35.6,NORMAL,正常,WARN_BREADTH_PROXY|WARN_NOT_BRACKET_30D
2022-09-15,42.1,CAUTION,警戒,WARN_BREADTH_PROXY|WARN_NOT_BRACKET_30D
2022-09-16,49.6,CAUTION,警戒,WARN_BREADTH_PROXY|WARN_NOT_BRACKET_30D
2022-09-19,46.3,CAUTION,警戒,WARN_BREADTH_PROXY|WARN_NOT_BRACKET_30D
2022-09-20,41.8,CAUTION,警戒,WARN_BREADTH_PROXY|WARN_NOT_BRACKET_30D
2022-09-21,51.5,CAUTION,警戒,WARN_BREADTH_PROXY
2022-09-22,52.4,CAUTION,警戒,WARN_BREADTH_PROXY
2022-09-23,50.3,CAUTION,警戒,WARN_BREADTH_PROXY
2022-09-26,58.1,CAUTION,警戒,WARN_BREADTH_PROXY
2022-09-27,48.8,CAUTION,警戒,WARN_BREADTH_PROXY
2022-09-28,57.8,CAUTION,警戒,WARN_BREADTH_PROXY
2022-09-29,51.6,CAUTION,警戒,WARN_BREADTH_PROXY
2022-09-30,50.2,CAUTION,警戒,WARN_BREADTH_PROXY
2022-10-10,64.8,HIGH_RISK,高风险,WARN_BREADTH_PROXY
2022-10-11,59.0,CAUTION,警戒,WARN_BREADTH_PROXY
2022-10-12,57.1,CAUTION,警戒,WARN_BREADTH_PROXY
2022-10-13,62.8,HIGH_RISK,高风险,WARN_BREADTH_PROXY
2022-10-14,55.6,CAUTION,警戒,WARN_BREADTH_PROXY
2022-10-17,53.5,CAUTION,警戒,WARN_BREADTH_PROXY|WARN_NOT_BRACKET_30D
2022-10-18,46.5,CAUTION,警戒,WARN_BREADTH_PROXY|WARN_NOT_BRACKET_30D
2022-10-19,54.6,CAUTION,警戒,WARN_BREADTH_PROXY
2022-10-20,63.6,HIGH_RISK,高风险,WARN_BREADTH_PROXY
2022-10-21,62.8,HIGH_RISK,高风险,WARN_BREADTH_PROXY
2022-10-24,86.5,PANIC,恐慌区,WARN_BREADTH_PROXY
2022-10-25,83.4,PANIC,恐慌区,WARN_BREADTH_PROXY
2022-10-26,70.4,HIGH_RISK,高风险,WARN_BREADTH_PROXY
2022-10-27,71.1,HIGH_RISK,高风险,WARN_BREADTH_PROXY
2022-10-28,83.0,PANIC,恐慌区,WARN_BREADTH_PROXY
2022-10-31,81.4,PANIC,恐慌区,WARN_BREADTH_PROXY
2022-11-01,73.1,HIGH_RISK,高风险,WARN_BREADTH_PROXY
2022-11-02,66.8,HIGH_RISK,高风险,WARN_BREADTH_PROXY
2022-11-03,71.5,HIGH_RISK,高风险,WARN_BREADTH_PROXY
2022-11-04,68.7,HIGH_RISK,高风险,WARN_BREADTH_PROXY
2022-11-07,63.9,HIGH_RISK,高风险,WARN_BREADTH_PROXY
2022-11-08,71.3,HIGH_RISK,高风险,WARN_BREADTH_PROXY
2022-11-09,76.9,PANIC,恐慌区,WARN_BREADTH_PROXY
2022-11-10,72.4,HIGH_RISK,高风险,WARN_BREADTH_PROXY
2022-11-11,67.7,HIGH_RISK,高风险,WARN_BREADTH_PROXY
2022-11-14,74.8,HIGH_RISK,高风险,WARN_BREADTH_PROXY|WARN_NOT_BRACKET_30D
2022-11-15,70.6,HIGH_RISK,高风险,WARN_BREADTH_PROXY|WARN_NOT_BRACKET_30D
2022-11-16,72.0,HIGH_RISK,高风险,WARN_BREADTH_PROXY
2022-11-17,66.0,HIGH_RISK,高风险,WARN_BREADTH_PROXY
2022-11-18,65.5,HIGH_RISK,高风险,WARN_BREADTH_PROXY
2022-11-21,67.0,HIGH_RISK,高风险,WARN_BREADTH_PROXY
2022-11-22,61.8,HIGH_RISK,高风险,WARN_BREADTH_PROXY
2022-11-23,65.4,HIGH_RISK,高风险,WARN_BREADTH_PROXY
2022-11-24,66.2,HIGH_RISK,高风险,WARN_BREADTH_PROXY
2022-11-25,64.0,HIGH_RISK,高风险,WARN_BREADTH_PROXY
2022-11-28,70.9,HIGH_RISK,高风险,WARN_BREADTH_PROXY
2022-11-29,59.2,CAUTION,警戒,WARN_BREADTH_PROXY
2022-11-30,62.8,HIGH_RISK,高风险,WARN_BREADTH_PROXY
2022-12-01,56.5,CAUTION,警戒,WARN_BREADTH_PROXY
2022-12-02,55.2,CAUTION,警戒,WARN_BREADTH_PROXY
2022-12-05,53.9,CAUTION,警戒,WARN_BREADTH_PROXY
2022-12-06,49.9,CAUTION,警戒,WARN_BREADTH_PROXY
2022-12-07,50.2,CAUTION,警戒,WARN_BREADTH_PROXY
2022-12-08,49.0,CAUTION,警戒,WARN_BREADTH_PROXY
2022-12-09,39.6,NORMAL,正常,WARN_BREADTH_PROXY
2022-12-12,48.0,CAUTION,警戒,WARN_BREADTH_PROXY|WARN_NOT_BRACKET_30D
2022-12-13,45.6,CAUTION,警戒,WARN_BREADTH_PROXY|WARN_NOT_BRACKET_30D
2022-12-14,41.8,CAUTION,警戒,WARN_BREADTH_PROXY|WARN_NOT_BRACKET_30D
2022-12-15,37.5,NORMAL,正常,WARN_BREADTH_PROXY|WARN_NOT_BRACKET_30D
2022-12-16,34.5,NORMAL,正常,WARN_BREADTH_PROXY|WARN_NOT_BRACKET_30D
2022-12-19,35.7,NORMAL,正常,WARN_BREADTH_PROXY|WARN_NOT_BRACKET_30D
2022-12-20,52.2,CAUTION,警戒,WARN_BREADTH_PROXY|WARN_NOT_BRACKET_30D
2022-12-21,48.2,CAUTION,警戒,WARN_BREADTH_PROXY
2022-12-22,45.9,CAUTION,警戒,WARN_BREADTH_PROXY
2022-12-23,50.8,CAUTION,警戒,WARN_BREADTH_PROXY
2022-12-26,38.2,NORMAL,正常,WARN_BREADTH_PROXY
2022-12-27,30.6,NORMAL,正常,WARN_BREADTH_PROXY
2022-12-28,35.2,NORMAL,正常,WARN_BREADTH_PROXY
2022-12-29,34.0,NORMAL,正常,WARN_BREADTH_PROXY
2022-12-30,27.1,NORMAL,正常,WARN_BREADTH_PROXY
2023-01-03,26.8,NORMAL,正常,WARN_BREADTH_PROXY
2023-01-04,29.3,NORMAL,正常,WARN_BREADTH_PROXY
2023-01-05,20.7,NORMAL,正常,WARN_BREADTH_PROXY
2023-01-06,25.7,NORMAL,正常,WARN_BREADTH_PROXY
2023-01-09,32.2,NORMAL,正常,WARN_BREADTH_PROXY
2023-01-10,30.6,NORMAL,正常,WARN_BREADTH_PROXY
2023-01-11,27.2,NORMAL,正常,WARN_BREADTH_PROXY
2023-01-12,26.1,NORMAL,正常,WARN_BREADTH_PROXY
2023-01-13,23.9,NORMAL,正常,WARN_BREADTH_PROXY
2023-01-16,33.7,NORMAL,正常,WARN_BREADTH_PROXY|WARN_NOT_BRACKET_30D
2023-01-17,30.5,NORMAL,正常,WARN_BREADTH_PROXY|WARN_NOT_BRACKET_30D
2023-01-18,36.9,NORMAL,正常,WARN_BREADTH_PROXY
2023-01-19,38.0,NORMAL,正常,WARN_BREADTH_PROXY
2023-01-20,34.6,NORMAL,正常,WARN_BREADTH_PROXY
2023-01-30,28.7,NORMAL,正常,WARN_BREADTH_PROXY
2023-01-31,32.9,NORMAL,正常,WARN_BREADTH_PROXY
2023-02-01,30.7,NORMAL,正常,WARN_BREADTH_PROXY
2023-02-02,32.5,NORMAL,正常,WARN_BREADTH_PROXY
2023-02-03,38.8,NORMAL,正常,WARN_BREADTH_PROXY
2023-02-06,42.7,CAUTION,警戒,WARN_BREADTH_PROXY
2023-02-07,35.2,NORMAL,正常,WARN_BREADTH_PROXY
2023-02-08,35.7,NORMAL,正常,WARN_BREADTH_PROXY
2023-02-09,22.5,NORMAL,正常,WARN_BREADTH_PROXY
2023-02-10,30.8,NORMAL,正常,WARN_BREADTH_PROXY
2023-02-13,20.4,NORMAL,正常,WARN_BREADTH_PROXY|WARN_NOT_BRACKET_30D
2023-02-14,20.5,NORMAL,正常,WARN_BREADTH_PROXY|WARN_NOT_BRACKET_30D
2023-02-15,23.6,NORMAL,正常,WARN_BREADTH_PROXY
2023-02-16,30.5,NORMAL,正常,WARN_BREADTH_PROXY
2023-02-17,30.2,NORMAL,正常,WARN_BREADTH_PROXY
2023-02-20,24.3,NORMAL,正常,WARN_BREADTH_PROXY
2023-02-21,25.3,NORMAL,正常,WARN_BREADTH_PROXY
2023-02-22,27.0,NORMAL,正常,WARN_BREADTH_PROXY
2023-02-23,24.6,NORMAL,正常,WARN_BREADTH_PROXY
2023-02-24,27.4,NORMAL,正常,WARN_BREADTH_PROXY
2023-02-27,31.4,NORMAL,正常,WARN_BREADTH_PROXY
2023-02-28,21.2,NORMAL,正常,WARN_BREADTH_PROXY
2023-03-01,21.9,NORMAL,正常,WARN_BREADTH_PROXY
2023-03-02,26.9,NORMAL,正常,WARN_BREADTH_PROXY
2023-03-03,21.3,NORMAL,正常,WARN_BREADTH_PROXY
2023-03-06,21.5,NORMAL,正常,WARN_BREADTH_PROXY
2023-03-07,30.0,NORMAL,正常,WARN_BREADTH_PROXY
2023-03-08,25.0,NORMAL,正常,WARN_BREADTH_PROXY
2023-03-09,24.4,NORMAL,正常,WARN_BREADTH_PROXY
2023-03-10,30.5,NORMAL,正常,WARN_BREADTH_PROXY
2023-03-13,25.8,NORMAL,正常,WARN_BREADTH_PROXY|WARN_NOT_BRACKET_30D
2023-03-14,32.1,NORMAL,正常,WARN_BREADTH_PROXY|WARN_NOT_BRACKET_30D
2023-03-15,23.0,NORMAL,正常,WARN_BREADTH_PROXY|WARN_NOT_BRACKET_30D
2023-03-16,33.9,NORMAL,正常,WARN_BREADTH_PROXY|WARN_NOT_BRACKET_30D
2023-03-17,23.0,NORMAL,正常,WARN_BREADTH_PROXY|WARN_NOT_BRACKET_30D
2023-03-20,30.4,NORMAL,正常,WARN_BREADTH_PROXY|WARN_NOT_BRACKET_30D
2023-03-21,26.4,NORMAL,正常,WARN_BREADTH_PROXY|WARN_NOT_BRACKET_30D
2023-03-22,20.8,NORMAL,正常,WARN_BREADTH_PROXY
2023-03-23,22.0,NORMAL,正常,WARN_BREADTH_PROXY
2023-03-24,25.4,NORMAL,正常,WARN_BREADTH_PROXY
2023-03-27,25.7,NORMAL,正常,WARN_BREADTH_PROXY
2023-03-28,23.4,NORMAL,正常,WARN_BREADTH_PROXY
2023-03-29,26.0,NORMAL,正常,WARN_BREADTH_PROXY
2023-03-30,23.5,NORMAL,正常,WARN_BREADTH_PROXY
2023-03-31,22.7,NORMAL,正常,WARN_BREADTH_PROXY
2023-04-03,24.0,NORMAL,正常,WARN_BREADTH_PROXY
2023-04-04,27.1,NORMAL,正常,WARN_BREADTH_PROXY
2023-04-06,24.8,NORMAL,正常,WARN_BREADTH_PROXY
2023-04-07,20.9,NORMAL,正常,WARN_BREADTH_PROXY
2023-04-10,21.9,NORMAL,正常,WARN_BREADTH_PROXY
2023-04-11,14.5,CALM,平静,WARN_BREADTH_PROXY
2023-04-12,12.6,CALM,平静,WARN_BREADTH_PROXY
2023-04-13,23.6,NORMAL,正常,WARN_BREADTH_PROXY
2023-04-14,17.6,CALM,平静,WARN_BREADTH_PROXY
2023-04-17,20.9,NORMAL,正常,WARN_BREADTH_PROXY|WARN_NOT_BRACKET_30D
2023-04-18,21.5,NORMAL,正常,WARN_BREADTH_PROXY|WARN_NOT_BRACKET_30D
2023-04-19,23.9,NORMAL,正常,WARN_BREADTH_PROXY
2023-04-20,19.5,CALM,平静,WARN_BREADTH_PROXY
2023-04-21,26.2,NORMAL,正常,WARN_BREADTH_PROXY
2023-04-24,36.0,NORMAL,正常,WARN_BREADTH_PROXY
2023-04-25,40.3,CAUTION,警戒,WARN_BREADTH_PROXY
2023-04-26,36.4,NORMAL,正常,WARN_BREADTH_PROXY
2023-04-27,29.3,NORMAL,正常,WARN_BREADTH_PROXY
2023-04-28,24.3,NORMAL,正常,WARN_BREADTH_PROXY
2023-05-04,26.6,NORMAL,正常,WARN_BREADTH_PROXY
2023-05-05,27.6,NORMAL,正常,WARN_BREADTH_PROXY
2023-05-08,25.6,NORMAL,正常,WARN_BREADTH_PROXY
2023-05-09,35.8,NORMAL,正常,WARN_BREADTH_PROXY
2023-05-10,29.7,NORMAL,正常,WARN_BREADTH_PROXY
2023-05-11,32.1,NORMAL,正常,WARN_BREADTH_PROXY
2023-05-12,38.3,NORMAL,正常,WARN_BREADTH_PROXY
2023-05-15,31.0,NORMAL,正常,WARN_BREADTH_PROXY|WARN_NOT_BRACKET_30D
2023-05-16,36.2,NORMAL,正常,WARN_BREADTH_PROXY|WARN_NOT_BRACKET_30D
2023-05-17,36.9,NORMAL,正常,WARN_BREADTH_PROXY
2023-05-18,32.7,NORMAL,正常,WARN_BREADTH_PROXY
2023-05-19,30.7,NORMAL,正常,WARN_BREADTH_PROXY
2023-05-22,27.3,NORMAL,正常,WARN_BREADTH_PROXY
2023-05-23,35.8,NORMAL,正常,WARN_BREADTH_PROXY
2023-05-24,39.2,NORMAL,正常,WARN_BREADTH_PROXY
2023-05-25,39.6,NORMAL,正常,WARN_BREADTH_PROXY
2023-05-26,31.1,NORMAL,正常,WARN_BREADTH_PROXY
2023-05-29,37.1,NORMAL,正常,WARN_BREADTH_PROXY
2023-05-30,30.4,NORMAL,正常,WARN_BREADTH_PROXY
2023-05-31,38.8,NORMAL,正常,WARN_BREADTH_PROXY
2023-06-01,33.0,NORMAL,正常,WARN_BREADTH_PROXY
2023-06-02,31.0,NORMAL,正常,WARN_BREADTH_PROXY
2023-06-05,28.9,NORMAL,正常,WARN_BREADTH_PROXY
2023-06-06,39.5,NORMAL,正常,WARN_BREADTH_PROXY
2023-06-07,38.0,NORMAL,正常,WARN_BREADTH_PROXY
2023-06-08,36.6,NORMAL,正常,WARN_BREADTH_PROXY
2023-06-09,30.6,NORMAL,正常,WARN_BREADTH_PROXY
2023-06-12,24.8,NORMAL,正常,WARN_BREADTH_PROXY|WARN_NOT_BRACKET_30D
2023-06-13,25.7,NORMAL,正常,WARN_BREADTH_PROXY|WARN_NOT_BRACKET_30D
2023-06-14,23.9,NORMAL,正常,WARN_BREADTH_PROXY|WARN_NOT_BRACKET_30D
2023-06-15,25.2,NORMAL,正常,WARN_BREADTH_PROXY|WARN_NOT_BRACKET_30D
2023-06-16,21.3,NORMAL,正常,WARN_BREADTH_PROXY|WARN_NOT_BRACKET_30D
2023-06-19,33.0,NORMAL,正常,WARN_BREADTH_PROXY|WARN_NOT_BRACKET_30D
2023-06-20,29.8,NORMAL,正常,WARN_BREADTH_PROXY|WARN_NOT_BRACKET_30D
2023-06-21,35.5,NORMAL,正常,WARN_BREADTH_PROXY
2023-06-26,47.4,CAUTION,警戒,WARN_BREADTH_PROXY
2023-06-27,36.3,NORMAL,正常,WARN_BREADTH_PROXY
2023-06-28,34.8,NORMAL,正常,WARN_BREADTH_PROXY
2023-06-29,34.0,NORMAL,正常,WARN_BREADTH_PROXY
2023-06-30,31.4,NORMAL,正常,WARN_BREADTH_PROXY
2023-07-03,26.0,NORMAL,正常,WARN_BREADTH_PROXY
2023-07-04,29.3,NORMAL,正常,WARN_BREADTH_PROXY
2023-07-05,36.1,NORMAL,正常,WARN_BREADTH_PROXY
2023-07-06,38.2,NORMAL,正常,WARN_BREADTH_PROXY
2023-07-07,41.1,CAUTION,警戒,WARN_BREADTH_PROXY
2023-07-10,34.8,NORMAL,正常,WARN_BREADTH_PROXY
2023-07-11,31.6,NORMAL,正常,WARN_BREADTH_PROXY
2023-07-12,33.7,NORMAL,正常,WARN_BREADTH_PROXY
2023-07-13,31.7,NORMAL,正常,WARN_BREADTH_PROXY
2023-07-14,33.5,NORMAL,正常,WARN_BREADTH_PROXY
2023-07-17,35.3,NORMAL,正常,WARN_BREADTH_PROXY|WARN_NOT_BRACKET_30D
2023-07-18,30.2,NORMAL,正常,WARN_BREADTH_PROXY|WARN_NOT_BRACKET_30D
2023-07-19,35.5,NORMAL,正常,WARN_BREADTH_PROXY
2023-07-20,34.1,NORMAL,正常,WARN_BREADTH_PROXY
2023-07-21,33.1,NORMAL,正常,WARN_BREADTH_PROXY
2023-07-24,37.8,NORMAL,正常,WARN_BREADTH_PROXY
2023-07-25,34.7,NORMAL,正常,WARN_BREADTH_PROXY
2023-07-26,38.5,NORMAL,正常,WARN_BREADTH_PROXY
2023-07-27,36.4,NORMAL,正常,WARN_BREADTH_PROXY
2023-07-28,41.9,CAUTION,警戒,WARN_BREADTH_PROXY
2023-07-31,50.5,CAUTION,警戒,WARN_BREADTH_PROXY
2023-08-01,46.0,CAUTION,警戒,WARN_BREADTH_PROXY
2023-08-02,48.0,CAUTION,警戒,WARN_BREADTH_PROXY
2023-08-03,42.8,CAUTION,警戒,WARN_BREADTH_PROXY
2023-08-04,42.2,CAUTION,警戒,WARN_BREADTH_PROXY
2023-08-07,53.9,CAUTION,警戒,WARN_BREADTH_PROXY
2023-08-08,48.0,CAUTION,警戒,WARN_BREADTH_PROXY
2023-08-09,54.5,CAUTION,警戒,WARN_BREADTH_PROXY
2023-08-10,48.6,CAUTION,警戒,WARN_BREADTH_PROXY
2023-08-11,59.4,CAUTION,警戒,WARN_BREADTH_PROXY
2023-08-14,54.1,CAUTION,警戒,WARN_BREADTH_PROXY|WARN_NOT_BRACKET_30D
2023-08-15,54.1,CAUTION,警戒,WARN_BREADTH_PROXY|WARN_NOT_BRACKET_30D
2023-08-16,59.1,CAUTION,警戒,WARN_BREADTH_PROXY
2023-08-17,53.6,CAUTION,警戒,WARN_BREADTH_PROXY
2023-08-18,63.1,HIGH_RISK,高风险,WARN_BREADTH_PROXY
2023-08-21,71.4,HIGH_RISK,高风险,WARN_BREADTH_PROXY
2023-08-22,57.8,CAUTION,警戒,WARN_BREADTH_PROXY
2023-08-23,67.7,HIGH_RISK,高风险,WARN_BREADTH_PROXY
2023-08-24,59.2,CAUTION,警戒,WARN_BREADTH_PROXY
2023-08-25,63.5,HIGH_RISK,高风险,WARN_BREADTH_PROXY
2023-08-28,46.8,CAUTION,警戒,LOW_NO_CHAIN
2023-08-29,53.4,CAUTION,警戒,WARN_BREADTH_PROXY
2023-08-30,45.4,CAUTION,警戒,WARN_BREADTH_PROXY
2023-08-31,50.0,CAUTION,警戒,WARN_BREADTH_PROXY
2023-09-01,42.6,CAUTION,警戒,WARN_BREADTH_PROXY
2023-09-04,42.8,CAUTION,警戒,WARN_BREADTH_PROXY
2023-09-05,43.5,CAUTION,警戒,WARN_BREADTH_PROXY
2023-09-06,40.6,CAUTION,警戒,WARN_BREADTH_PROXY
2023-09-07,49.1,CAUTION,警戒,WARN_BREADTH_PROXY
2023-09-08,48.4,CAUTION,警戒,WARN_BREADTH_PROXY
2023-09-11,41.3,CAUTION,警戒,WARN_BREADTH_PROXY|WARN_NOT_BRACKET_30D
2023-09-12,43.0,CAUTION,警戒,WARN_BREADTH_PROXY|WARN_NOT_BRACKET_30D
2023-09-13,40.1,CAUTION,警戒,WARN_BREADTH_PROXY|WARN_NOT_BRACKET_30D
2023-09-14,36.9,NORMAL,正常,WARN_BREADTH_PROXY|WARN_NOT_BRACKET_30D
2023-09-15,36.0,NORMAL,正常,WARN_BREADTH_PROXY|WARN_NOT_BRACKET_30D
2023-09-18,30.1,NORMAL,正常,WARN_BREADTH_PROXY|WARN_NOT_BRACKET_30D
2023-09-19,35.1,NORMAL,正常,WARN_BREADTH_PROXY|WARN_NOT_BRACKET_30D
2023-09-20,34.6,NORMAL,正常,WARN_BREADTH_PROXY
2023-09-21,38.1,NORMAL,正常,WARN_BREADTH_PROXY
2023-09-22,34.7,NORMAL,正常,WARN_BREADTH_PROXY
2023-09-25,41.0,CAUTION,警戒,WARN_BREADTH_PROXY
2023-09-26,37.4,NORMAL,正常,WARN_BREADTH_PROXY
2023-09-27,32.4,NORMAL,正常,WARN_BREADTH_PROXY
2023-09-28,34.1,NORMAL,正常,WARN_BREADTH_PROXY
2023-10-09,33.4,NORMAL,正常,WARN_BREADTH_PROXY
2023-10-10,32.4,NORMAL,正常,WARN_BREADTH_PROXY
2023-10-11,25.1,NORMAL,正常,WARN_BREADTH_PROXY
2023-10-12,21.1,NORMAL,正常,WARN_BREADTH_PROXY
2023-10-13,27.8,NORMAL,正常,WARN_BREADTH_PROXY
2023-10-16,41.7,CAUTION,警戒,WARN_BREADTH_PROXY|WARN_NOT_BRACKET_30D
2023-10-17,33.6,NORMAL,正常,WARN_BREADTH_PROXY|WARN_NOT_BRACKET_30D
2023-10-18,39.8,NORMAL,正常,WARN_BREADTH_PROXY
2023-10-19,56.3,CAUTION,警戒,WARN_BREADTH_PROXY
2023-10-20,59.9,CAUTION,警戒,WARN_BREADTH_PROXY
2023-10-23,63.2,HIGH_RISK,高风险,WARN_BREADTH_PROXY
2023-10-24,55.3,CAUTION,警戒,WARN_BREADTH_PROXY
2023-10-25,55.8,CAUTION,警戒,WARN_BREADTH_PROXY
2023-10-26,47.8,CAUTION,警戒,WARN_BREADTH_PROXY
2023-10-27,42.9,CAUTION,警戒,WARN_BREADTH_PROXY
2023-10-30,41.6,CAUTION,警戒,WARN_BREADTH_PROXY
2023-10-31,46.4,CAUTION,警戒,WARN_BREADTH_PROXY
2023-11-01,45.5,CAUTION,警戒,WARN_BREADTH_PROXY
2023-11-02,44.9,CAUTION,警戒,WARN_BREADTH_PROXY
2023-11-03,39.6,NORMAL,正常,WARN_BREADTH_PROXY
2023-11-06,44.8,CAUTION,警戒,WARN_BREADTH_PROXY
2023-11-07,46.4,CAUTION,警戒,WARN_BREADTH_PROXY
2023-11-08,41.3,CAUTION,警戒,WARN_BREADTH_PROXY
2023-11-09,47.7,CAUTION,警戒,WARN_BREADTH_PROXY
2023-11-10,49.0,CAUTION,警戒,WARN_BREADTH_PROXY
2023-11-13,42.9,CAUTION,警戒,WARN_BREADTH_PROXY|WARN_NOT_BRACKET_30D
2023-11-14,42.0,CAUTION,警戒,WARN_BREADTH_PROXY|WARN_NOT_BRACKET_30D
2023-11-15,39.4,NORMAL,正常,WARN_BREADTH_PROXY
2023-11-16,40.1,CAUTION,警戒,WARN_BREADTH_PROXY
2023-11-17,31.8,NORMAL,正常,WARN_BREADTH_PROXY
2023-11-20,27.0,NORMAL,正常,WARN_BREADTH_PROXY
2023-11-21,25.0,NORMAL,正常,WARN_BREADTH_PROXY
2023-11-22,33.8,NORMAL,正常,WARN_BREADTH_PROXY
2023-11-23,27.5,NORMAL,正常,WARN_BREADTH_PROXY
2023-11-24,24.7,NORMAL,正常,WARN_BREADTH_PROXY
2023-11-27,38.8,NORMAL,正常,WARN_BREADTH_PROXY
2023-11-28,33.0,NORMAL,正常,WARN_BREADTH_PROXY
2023-11-29,33.7,NORMAL,正常,WARN_BREADTH_PROXY
2023-11-30,34.6,NORMAL,正常,WARN_BREADTH_PROXY
2023-12-01,35.4,NORMAL,正常,WARN_BREADTH_PROXY
2023-12-04,43.2,CAUTION,警戒,WARN_BREADTH_PROXY
2023-12-05,59.0,CAUTION,警戒,WARN_BREADTH_PROXY
2023-12-06,49.9,CAUTION,警戒,WARN_BREADTH_PROXY
2023-12-07,49.6,CAUTION,警戒,WARN_BREADTH_PROXY
2023-12-08,50.2,CAUTION,警戒,WARN_BREADTH_PROXY
2023-12-11,49.4,CAUTION,警戒,WARN_BREADTH_PROXY|WARN_NOT_BRACKET_30D
2023-12-12,43.7,CAUTION,警戒,WARN_BREADTH_PROXY|WARN_NOT_BRACKET_30D
2023-12-13,54.1,CAUTION,警戒,WARN_BREADTH_PROXY|WARN_NOT_BRACKET_30D
2023-12-14,49.3,CAUTION,警戒,WARN_BREADTH_PROXY|WARN_NOT_BRACKET_30D
2023-12-15,49.8,CAUTION,警戒,WARN_BREADTH_PROXY|WARN_NOT_BRACKET_30D
2023-12-18,48.9,CAUTION,警戒,WARN_BREADTH_PROXY|WARN_NOT_BRACKET_30D|WARN_QVIX_MISSING
2023-12-19,47.8,CAUTION,警戒,WARN_BREADTH_PROXY|WARN_NOT_BRACKET_30D
2023-12-20,61.4,HIGH_RISK,高风险,WARN_BREADTH_PROXY
2023-12-21,46.1,CAUTION,警戒,WARN_BREADTH_PROXY
2023-12-22,50.6,CAUTION,警戒,WARN_BREADTH_PROXY
2023-12-25,44.2,CAUTION,警戒,WARN_BREADTH_PROXY
2023-12-26,52.3,CAUTION,警戒,WARN_BREADTH_PROXY
2023-12-27,48.1,CAUTION,警戒,WARN_BREADTH_PROXY
2023-12-28,44.7,CAUTION,警戒,WARN_BREADTH_PROXY
2023-12-29,43.3,CAUTION,警戒,WARN_BREADTH_PROXY
2024-01-02,53.4,CAUTION,警戒,WARN_BREADTH_PROXY
2024-01-03,48.4,CAUTION,警戒,WARN_BREADTH_PROXY
2024-01-04,53.6,CAUTION,警戒,WARN_BREADTH_PROXY
2024-01-05,55.7,CAUTION,警戒,WARN_BREADTH_PROXY
2024-01-08,70.2,HIGH_RISK,高风险,WARN_BREADTH_PROXY
2024-01-09,51.7,CAUTION,警戒,WARN_BREADTH_PROXY
2024-01-10,57.6,CAUTION,警戒,WARN_BREADTH_PROXY
2024-01-11,48.9,CAUTION,警戒,WARN_BREADTH_PROXY
2024-01-12,61.3,HIGH_RISK,高风险,WARN_BREADTH_PROXY
2024-01-15,51.6,CAUTION,警戒,WARN_BREADTH_PROXY|WARN_NOT_BRACKET_30D
2024-01-16,47.2,CAUTION,警戒,WARN_BREADTH_PROXY|WARN_NOT_BRACKET_30D
2024-01-17,74.6,HIGH_RISK,高风险,WARN_BREADTH_PROXY|WARN_NOT_BRACKET_30D
2024-01-18,68.3,HIGH_RISK,高风险,WARN_BREADTH_PROXY|WARN_NOT_BRACKET_30D
2024-01-19,66.9,HIGH_RISK,高风险,WARN_BREADTH_PROXY|WARN_NOT_BRACKET_30D
2024-01-22,78.4,PANIC,恐慌区,WARN_BREADTH_PROXY
2024-01-23,65.2,HIGH_RISK,高风险,WARN_BREADTH_PROXY
2024-01-24,57.0,CAUTION,警戒,WARN_BREADTH_PROXY
2024-01-25,50.5,CAUTION,警戒,WARN_BREADTH_PROXY
2024-01-26,51.1,CAUTION,警戒,WARN_BREADTH_PROXY
2024-01-29,60.1,HIGH_RISK,高风险,WARN_BREADTH_PROXY
2024-01-30,65.9,HIGH_RISK,高风险,WARN_BREADTH_PROXY
2024-01-31,75.7,PANIC,恐慌区,WARN_BREADTH_PROXY
2024-02-01,72.7,HIGH_RISK,高风险,WARN_BREADTH_PROXY
2024-02-02,81.1,PANIC,恐慌区,WARN_BREADTH_PROXY
2024-02-05,81.4,PANIC,恐慌区,WARN_BREADTH_PROXY
2024-02-06,69.1,HIGH_RISK,高风险,WARN_BREADTH_PROXY
2024-02-07,65.4,HIGH_RISK,高风险,WARN_BREADTH_PROXY
2024-02-08,61.1,HIGH_RISK,高风险,WARN_BREADTH_PROXY
2024-02-19,58.8,CAUTION,警戒,WARN_BREADTH_PROXY
2024-02-20,49.1,CAUTION,警戒,WARN_BREADTH_PROXY
2024-02-21,47.0,CAUTION,警戒,WARN_BREADTH_PROXY
2024-02-22,47.3,CAUTION,警戒,WARN_BREADTH_PROXY
2024-02-23,48.5,CAUTION,警戒,WARN_BREADTH_PROXY
2024-02-26,53.6,CAUTION,警戒,WARN_BREADTH_PROXY
2024-02-27,48.8,CAUTION,警戒,WARN_BREADTH_PROXY
2024-02-28,57.5,CAUTION,警戒,WARN_BREADTH_PROXY
2024-02-29,47.4,CAUTION,警戒,WARN_BREADTH_PROXY
2024-03-01,46.7,CAUTION,警戒,WARN_BREADTH_PROXY
2024-03-04,47.8,CAUTION,警戒,WARN_BREADTH_PROXY
2024-03-05,45.3,CAUTION,警戒,WARN_BREADTH_PROXY
2024-03-06,41.9,CAUTION,警戒,WARN_BREADTH_PROXY
2024-03-07,38.7,NORMAL,正常,WARN_BREADTH_PROXY
2024-03-08,30.1,NORMAL,正常,WARN_BREADTH_PROXY
2024-03-11,28.0,NORMAL,正常,WARN_BREADTH_PROXY|WARN_NOT_BRACKET_30D
2024-03-12,32.6,NORMAL,正常,WARN_BREADTH_PROXY|WARN_NOT_BRACKET_30D
2024-03-13,31.5,NORMAL,正常,WARN_BREADTH_PROXY|WARN_NOT_BRACKET_30D
2024-03-14,31.2,NORMAL,正常,WARN_BREADTH_PROXY|WARN_NOT_BRACKET_30D
2024-03-15,22.7,NORMAL,正常,WARN_BREADTH_PROXY|WARN_NOT_BRACKET_30D
2024-03-18,21.4,NORMAL,正常,WARN_BREADTH_PROXY|WARN_NOT_BRACKET_30D
2024-03-19,27.9,NORMAL,正常,WARN_BREADTH_PROXY|WARN_NOT_BRACKET_30D
2024-03-20,20.6,NORMAL,正常,WARN_BREADTH_PROXY
2024-03-21,26.0,NORMAL,正常,WARN_BREADTH_PROXY
2024-03-22,34.2,NORMAL,正常,WARN_BREADTH_PROXY
2024-03-25,34.0,NORMAL,正常,WARN_BREADTH_PROXY
2024-03-26,25.0,NORMAL,正常,WARN_BREADTH_PROXY
2024-03-27,35.4,NORMAL,正常,WARN_BREADTH_PROXY
2024-03-28,22.4,NORMAL,正常,WARN_BREADTH_PROXY
2024-03-29,18.3,CALM,平静,WARN_BREADTH_PROXY
2024-04-01,16.3,CALM,平静,WARN_BREADTH_PROXY
2024-04-02,22.3,NORMAL,正常,WARN_BREADTH_PROXY
2024-04-03,20.7,NORMAL,正常,WARN_BREADTH_PROXY
2024-04-08,27.4,NORMAL,正常,WARN_BREADTH_PROXY
2024-04-09,22.4,NORMAL,正常,WARN_BREADTH_PROXY
2024-04-10,23.4,NORMAL,正常,WARN_BREADTH_PROXY
2024-04-11,17.7,CALM,平静,WARN_BREADTH_PROXY
2024-04-12,23.9,NORMAL,正常,WARN_BREADTH_PROXY
2024-04-15,26.4,NORMAL,正常,WARN_BREADTH_PROXY|WARN_NOT_BRACKET_30D
2024-04-16,42.8,CAUTION,警戒,WARN_BREADTH_PROXY|WARN_NOT_BRACKET_30D
2024-04-17,28.0,NORMAL,正常,WARN_BREADTH_PROXY
2024-04-18,30.7,NORMAL,正常,WARN_BREADTH_PROXY
2024-04-19,37.0,NORMAL,正常,WARN_BREADTH_PROXY
2024-04-22,35.6,NORMAL,正常,WARN_BREADTH_PROXY
2024-04-23,33.0,NORMAL,正常,WARN_BREADTH_PROXY
2024-04-24,27.6,NORMAL,正常,WARN_BREADTH_PROXY
2024-04-25,23.5,NORMAL,正常,WARN_BREADTH_PROXY
2024-04-26,22.0,NORMAL,正常,WARN_BREADTH_PROXY
2024-04-29,34.9,NORMAL,正常,WARN_BREADTH_PROXY
2024-04-30,32.6,NORMAL,正常,WARN_BREADTH_PROXY
2024-05-06,34.7,NORMAL,正常,WARN_BREADTH_PROXY
2024-05-07,35.7,NORMAL,正常,WARN_BREADTH_PROXY
2024-05-08,35.2,NORMAL,正常,WARN_BREADTH_PROXY
2024-05-09,28.2,NORMAL,正常,WARN_BREADTH_PROXY
2024-05-10,31.1,NORMAL,正常,WARN_BREADTH_PROXY
2024-05-13,30.8,NORMAL,正常,WARN_BREADTH_PROXY|WARN_NOT_BRACKET_30D
2024-05-14,29.8,NORMAL,正常,WARN_BREADTH_PROXY|WARN_NOT_BRACKET_30D
2024-05-15,30.4,NORMAL,正常,WARN_BREADTH_PROXY|WARN_NOT_BRACKET_30D
2024-05-16,23.5,NORMAL,正常,WARN_BREADTH_PROXY|WARN_NOT_BRACKET_30D
2024-05-17,19.5,CALM,平静,WARN_BREADTH_PROXY|WARN_NOT_BRACKET_30D
2024-05-20,19.5,CALM,平静,WARN_BREADTH_PROXY|WARN_NOT_BRACKET_30D|WARN_QVIX_MISSING
2024-05-21,20.2,NORMAL,正常,WARN_BREADTH_PROXY|WARN_NOT_BRACKET_30D
2024-05-22,19.6,CALM,平静,WARN_BREADTH_PROXY|WARN_QVIX_MISSING
2024-05-23,25.0,NORMAL,正常,WARN_BREADTH_PROXY|WARN_QVIX_MISSING
2024-05-24,33.0,NORMAL,正常,WARN_BREADTH_PROXY|WARN_QVIX_MISSING
2024-05-27,24.3,NORMAL,正常,WARN_BREADTH_PROXY|WARN_QVIX_MISSING
2024-05-28,25.2,NORMAL,正常,WARN_BREADTH_PROXY
2024-05-29,19.6,CALM,平静,WARN_BREADTH_PROXY|WARN_QVIX_MISSING
2024-05-30,24.7,NORMAL,正常,WARN_BREADTH_PROXY|WARN_QVIX_MISSING
2024-05-31,24.6,NORMAL,正常,WARN_BREADTH_PROXY|WARN_QVIX_MISSING
2024-06-03,20.6,NORMAL,正常,WARN_BREADTH_PROXY
2024-06-04,15.5,CALM,平静,WARN_BREADTH_PROXY
2024-06-05,21.0,NORMAL,正常,WARN_BREADTH_PROXY
2024-06-06,25.0,NORMAL,正常,WARN_BREADTH_PROXY
2024-06-07,26.3,NORMAL,正常,WARN_BREADTH_PROXY
2024-06-11,28.2,NORMAL,正常,WARN_BREADTH_PROXY
2024-06-12,23.3,NORMAL,正常,WARN_BREADTH_PROXY
2024-06-13,23.8,NORMAL,正常,WARN_BREADTH_PROXY
2024-06-14,17.7,CALM,平静,WARN_BREADTH_PROXY
2024-06-17,19.7,CALM,平静,WARN_BREADTH_PROXY|WARN_NOT_BRACKET_30D
2024-06-18,14.4,CALM,平静,WARN_BREADTH_PROXY|WARN_NOT_BRACKET_30D
2024-06-19,19.9,CALM,平静,WARN_BREADTH_PROXY
2024-06-20,22.1,NORMAL,正常,WARN_BREADTH_PROXY
2024-06-21,21.4,NORMAL,正常,WARN_BREADTH_PROXY
2024-06-24,24.1,NORMAL,正常,WARN_BREADTH_PROXY
2024-06-25,27.8,NORMAL,正常,WARN_BREADTH_PROXY
2024-06-26,19.0,CALM,平静,WARN_BREADTH_PROXY
2024-06-27,25.0,NORMAL,正常,WARN_BREADTH_PROXY
2024-06-28,19.4,CALM,平静,WARN_BREADTH_PROXY
2024-07-01,17.4,CALM,平静,WARN_BREADTH_PROXY
2024-07-02,18.4,CALM,平静,WARN_BREADTH_PROXY
2024-07-03,19.5,CALM,平静,WARN_BREADTH_PROXY
2024-07-04,20.9,NORMAL,正常,WARN_BREADTH_PROXY
2024-07-05,20.4,NORMAL,正常,WARN_BREADTH_PROXY
2024-07-08,31.6,NORMAL,正常,WARN_BREADTH_PROXY
2024-07-09,23.5,NORMAL,正常,WARN_BREADTH_PROXY
2024-07-10,28.3,NORMAL,正常,WARN_BREADTH_PROXY
2024-07-11,21.8,NORMAL,正常,WARN_BREADTH_PROXY
2024-07-12,21.1,NORMAL,正常,WARN_BREADTH_PROXY
2024-07-15,18.6,CALM,平静,WARN_BREADTH_PROXY|WARN_NOT_BRACKET_30D
2024-07-16,14.4,CALM,平静,WARN_BREADTH_PROXY|WARN_NOT_BRACKET_30D
2024-07-17,18.8,CALM,平静,WARN_BREADTH_PROXY
2024-07-18,18.3,CALM,平静,WARN_BREADTH_PROXY
2024-07-19,19.3,CALM,平静,WARN_BREADTH_PROXY
2024-07-22,23.8,NORMAL,正常,WARN_BREADTH_PROXY
2024-07-23,34.9,NORMAL,正常,WARN_BREADTH_PROXY
2024-07-24,40.5,CAUTION,警戒,WARN_BREADTH_PROXY
2024-07-25,41.0,CAUTION,警戒,WARN_BREADTH_PROXY
2024-07-26,31.5,NORMAL,正常,WARN_BREADTH_PROXY
2024-07-29,36.8,NORMAL,正常,WARN_BREADTH_PROXY
2024-07-30,38.9,NORMAL,正常,WARN_BREADTH_PROXY
2024-07-31,34.0,NORMAL,正常,WARN_BREADTH_PROXY
2024-08-01,38.5,NORMAL,正常,WARN_BREADTH_PROXY
2024-08-02,45.4,CAUTION,警戒,WARN_BREADTH_PROXY
2024-08-05,64.4,HIGH_RISK,高风险,WARN_BREADTH_PROXY
2024-08-06,55.6,CAUTION,警戒,WARN_BREADTH_PROXY
2024-08-07,46.4,CAUTION,警戒,WARN_BREADTH_PROXY
2024-08-08,36.1,NORMAL,正常,WARN_BREADTH_PROXY
2024-08-09,37.0,NORMAL,正常,WARN_BREADTH_PROXY
2024-08-12,32.4,NORMAL,正常,WARN_BREADTH_PROXY|WARN_NOT_BRACKET_30D
2024-08-13,27.8,NORMAL,正常,WARN_BREADTH_PROXY|WARN_NOT_BRACKET_30D
2024-08-14,36.4,NORMAL,正常,WARN_BREADTH_PROXY|WARN_NOT_BRACKET_30D
2024-08-15,27.8,NORMAL,正常,WARN_BREADTH_PROXY|WARN_NOT_BRACKET_30D
2024-08-16,30.7,NORMAL,正常,WARN_BREADTH_PROXY|WARN_NOT_BRACKET_30D|WARN_QVIX_MISSING
2024-08-19,28.8,NORMAL,正常,WARN_BREADTH_PROXY|WARN_NOT_BRACKET_30D|WARN_QVIX_MISSING
2024-08-20,27.0,NORMAL,正常,WARN_BREADTH_PROXY|WARN_NOT_BRACKET_30D
2024-08-21,26.4,NORMAL,正常,WARN_BREADTH_PROXY
2024-08-22,27.1,NORMAL,正常,WARN_BREADTH_PROXY
2024-08-23,21.6,NORMAL,正常,WARN_BREADTH_PROXY
2024-08-26,23.8,NORMAL,正常,WARN_BREADTH_PROXY
2024-08-27,27.1,NORMAL,正常,WARN_BREADTH_PROXY
2024-08-28,22.3,NORMAL,正常,WARN_BREADTH_PROXY
2024-08-29,24.8,NORMAL,正常,WARN_BREADTH_PROXY
2024-08-30,21.4,NORMAL,正常,WARN_BREADTH_PROXY
2024-09-02,30.6,NORMAL,正常,WARN_BREADTH_PROXY
2024-09-03,27.2,NORMAL,正常,WARN_BREADTH_PROXY|WARN_QVIX_MISSING
2024-09-04,30.9,NORMAL,正常,WARN_BREADTH_PROXY
2024-09-05,24.2,NORMAL,正常,WARN_BREADTH_PROXY
2024-09-06,30.7,NORMAL,正常,WARN_BREADTH_PROXY
2024-09-09,43.9,CAUTION,警戒,WARN_BREADTH_PROXY|WARN_QVIX_MISSING
2024-09-10,40.6,CAUTION,警戒,WARN_BREADTH_PROXY
2024-09-11,42.2,CAUTION,警戒,WARN_BREADTH_PROXY
2024-09-12,37.8,NORMAL,正常,WARN_BREADTH_PROXY
2024-09-13,34.0,NORMAL,正常,WARN_BREADTH_PROXY
2024-09-18,34.2,NORMAL,正常,WARN_BREADTH_PROXY
2024-09-19,35.4,NORMAL,正常,WARN_BREADTH_PROXY
2024-09-20,36.2,NORMAL,正常,WARN_BREADTH_PROXY
2024-09-23,28.0,NORMAL,正常,WARN_BREADTH_PROXY|WARN_QVIX_MISSING
2024-09-24,62.4,HIGH_RISK,高风险,WARN_BREADTH_PROXY
2024-09-25,51.1,CAUTION,警戒,LOW_NO_CHAIN
2024-09-26,72.1,HIGH_RISK,高风险,WARN_BREADTH_PROXY
2024-09-27,72.8,HIGH_RISK,高风险,WARN_BREADTH_PROXY
2024-09-30,69.6,HIGH_RISK,高风险,WARN_BREADTH_PROXY
2024-10-08,73.2,HIGH_RISK,高风险,WARN_BREADTH_PROXY
2024-10-09,82.9,PANIC,恐慌区,WARN_BREADTH_PROXY
2024-10-10,78.4,PANIC,恐慌区,WARN_BREADTH_PROXY
2024-10-11,83.9,PANIC,恐慌区,WARN_BREADTH_PROXY
2024-10-14,72.6,HIGH_RISK,高风险,WARN_BREADTH_PROXY|WARN_NOT_BRACKET_30D
2024-10-15,73.3,HIGH_RISK,高风险,WARN_BREADTH_PROXY|WARN_NOT_BRACKET_30D
2024-10-16,70.6,HIGH_RISK,高风险,WARN_BREADTH_PROXY
2024-10-17,72.7,HIGH_RISK,高风险,WARN_BREADTH_PROXY
2024-10-18,71.1,HIGH_RISK,高风险,WARN_BREADTH_PROXY
2024-10-21,69.6,HIGH_RISK,高风险,WARN_BREADTH_PROXY
2024-10-22,71.0,HIGH_RISK,高风险,WARN_BREADTH_PROXY
2024-10-23,69.6,HIGH_RISK,高风险,WARN_BREADTH_PROXY
2024-10-24,74.7,HIGH_RISK,高风险,WARN_BREADTH_PROXY
2024-10-25,66.0,HIGH_RISK,高风险,WARN_BREADTH_PROXY
2024-10-28,67.3,HIGH_RISK,高风险,WARN_BREADTH_PROXY
2024-10-29,72.8,HIGH_RISK,高风险,WARN_BREADTH_PROXY
2024-10-30,73.1,HIGH_RISK,高风险,WARN_BREADTH_PROXY
2024-10-31,71.3,HIGH_RISK,高风险,WARN_BREADTH_PROXY
2024-11-01,77.6,PANIC,恐慌区,WARN_BREADTH_PROXY
2024-11-04,69.5,HIGH_RISK,高风险,WARN_BREADTH_PROXY
2024-11-05,68.3,HIGH_RISK,高风险,WARN_BREADTH_PROXY
2024-11-06,70.3,HIGH_RISK,高风险,WARN_BREADTH_PROXY
2024-11-07,63.8,HIGH_RISK,高风险,WARN_BREADTH_PROXY
2024-11-08,67.1,HIGH_RISK,高风险,WARN_BREADTH_PROXY
2024-11-11,57.1,CAUTION,警戒,WARN_BREADTH_PROXY|WARN_NOT_BRACKET_30D
2024-11-12,62.5,HIGH_RISK,高风险,WARN_BREADTH_PROXY|WARN_NOT_BRACKET_30D
2024-11-13,56.9,CAUTION,警戒,WARN_BREADTH_PROXY|WARN_NOT_BRACKET_30D
2024-11-14,64.6,HIGH_RISK,高风险,WARN_BREADTH_PROXY|WARN_NOT_BRACKET_30D
2024-11-15,65.3,HIGH_RISK,高风险,WARN_BREADTH_PROXY|WARN_NOT_BRACKET_30D
2024-11-18,67.5,HIGH_RISK,高风险,WARN_BREADTH_PROXY|WARN_NOT_BRACKET_30D
2024-11-19,61.7,HIGH_RISK,高风险,WARN_BREADTH_PROXY|WARN_NOT_BRACKET_30D
2024-11-20,59.1,CAUTION,警戒,WARN_BREADTH_PROXY
2024-11-21,58.6,CAUTION,警戒,WARN_BREADTH_PROXY
2024-11-22,70.8,HIGH_RISK,高风险,WARN_BREADTH_PROXY
2024-11-25,65.9,HIGH_RISK,高风险,WARN_BREADTH_PROXY
2024-11-26,65.9,HIGH_RISK,高风险,WARN_BREADTH_PROXY
2024-11-27,60.7,HIGH_RISK,高风险,WARN_BREADTH_PROXY
2024-11-28,67.4,HIGH_RISK,高风险,WARN_BREADTH_PROXY
2024-11-29,61.1,HIGH_RISK,高风险,WARN_BREADTH_PROXY
2024-12-02,62.4,HIGH_RISK,高风险,WARN_BREADTH_PROXY
2024-12-03,65.4,HIGH_RISK,高风险,WARN_BREADTH_PROXY
2024-12-04,67.3,HIGH_RISK,高风险,WARN_BREADTH_PROXY
2024-12-05,61.9,HIGH_RISK,高风险,WARN_BREADTH_PROXY
2024-12-06,60.1,HIGH_RISK,高风险,WARN_BREADTH_PROXY
2024-12-09,64.5,HIGH_RISK,高风险,WARN_BREADTH_PROXY
2024-12-10,60.7,HIGH_RISK,高风险,WARN_BREADTH_PROXY
2024-12-11,60.8,HIGH_RISK,高风险,WARN_BREADTH_PROXY
2024-12-12,59.1,CAUTION,警戒,WARN_BREADTH_PROXY
2024-12-13,64.1,HIGH_RISK,高风险,WARN_BREADTH_PROXY
2024-12-16,61.5,HIGH_RISK,高风险,WARN_BREADTH_PROXY|WARN_NOT_BRACKET_30D
2024-12-17,60.9,HIGH_RISK,高风险,WARN_BREADTH_PROXY|WARN_NOT_BRACKET_30D
2024-12-18,54.8,CAUTION,警戒,WARN_BREADTH_PROXY
2024-12-19,56.0,CAUTION,警戒,WARN_BREADTH_PROXY
2024-12-20,55.1,CAUTION,警戒,WARN_BREADTH_PROXY
2024-12-23,57.0,CAUTION,警戒,WARN_BREADTH_PROXY
2024-12-24,51.3,CAUTION,警戒,WARN_BREADTH_PROXY
2024-12-25,53.9,CAUTION,警戒,WARN_BREADTH_PROXY
2024-12-26,46.0,CAUTION,警戒,WARN_BREADTH_PROXY
2024-12-27,46.4,CAUTION,警戒,WARN_BREADTH_PROXY
2024-12-30,45.4,CAUTION,警戒,WARN_BREADTH_PROXY
2024-12-31,52.1,CAUTION,警戒,WARN_BREADTH_PROXY
2025-01-02,73.9,HIGH_RISK,高风险,WARN_BREADTH_PROXY
2025-01-03,68.5,HIGH_RISK,高风险,WARN_BREADTH_PROXY
2025-01-06,67.7,HIGH_RISK,高风险,WARN_BREADTH_PROXY
2025-01-07,56.7,CAUTION,警戒,WARN_BREADTH_PROXY
2025-01-08,58.7,CAUTION,警戒,WARN_BREADTH_PROXY
2025-01-09,55.4,CAUTION,警戒,WARN_BREADTH_PROXY
2025-01-10,59.8,CAUTION,警戒,WARN_BREADTH_PROXY
2025-01-13,54.2,CAUTION,警戒,WARN_BREADTH_PROXY|WARN_NOT_BRACKET_30D
2025-01-14,57.9,CAUTION,警戒,WARN_BREADTH_PROXY|WARN_NOT_BRACKET_30D
2025-01-15,61.6,HIGH_RISK,高风险,WARN_BREADTH_PROXY|WARN_NOT_BRACKET_30D
2025-01-16,56.6,CAUTION,警戒,WARN_BREADTH_PROXY|WARN_NOT_BRACKET_30D
2025-01-17,57.7,CAUTION,警戒,WARN_BREADTH_PROXY|WARN_NOT_BRACKET_30D
2025-01-20,59.1,CAUTION,警戒,WARN_BREADTH_PROXY|WARN_NOT_BRACKET_30D|WARN_QVIX_MISSING
2025-01-21,54.5,CAUTION,警戒,WARN_BREADTH_PROXY|WARN_NOT_BRACKET_30D
2025-01-22,60.6,HIGH_RISK,高风险,WARN_BREADTH_PROXY
2025-01-23,60.0,HIGH_RISK,高风险,WARN_BREADTH_PROXY
2025-01-24,54.5,CAUTION,警戒,WARN_BREADTH_PROXY
2025-01-27,59.6,CAUTION,警戒,WARN_BREADTH_PROXY
2025-02-05,60.8,HIGH_RISK,高风险,WARN_BREADTH_PROXY
2025-02-06,65.2,HIGH_RISK,高风险,WARN_BREADTH_PROXY
2025-02-07,58.3,CAUTION,警戒,WARN_BREADTH_PROXY
2025-02-10,62.6,HIGH_RISK,高风险,WARN_BREADTH_PROXY
2025-02-11,57.7,CAUTION,警戒,WARN_BREADTH_PROXY
2025-02-12,49.6,CAUTION,警戒,WARN_BREADTH_PROXY
2025-02-13,52.3,CAUTION,警戒,WARN_BREADTH_PROXY
2025-02-14,45.3,CAUTION,警戒,WARN_BREADTH_PROXY
2025-02-17,46.2,CAUTION,警戒,WARN_BREADTH_PROXY|WARN_NOT_BRACKET_30D
2025-02-18,50.5,CAUTION,警戒,WARN_BREADTH_PROXY|WARN_NOT_BRACKET_30D
2025-02-19,39.8,NORMAL,正常,WARN_BREADTH_PROXY
2025-02-20,40.1,CAUTION,警戒,WARN_BREADTH_PROXY
2025-02-21,38.8,NORMAL,正常,WARN_BREADTH_PROXY
2025-02-24,43.0,CAUTION,警戒,WARN_BREADTH_PROXY|WARN_QVIX_MISSING
2025-02-25,43.2,CAUTION,警戒,WARN_BREADTH_PROXY
2025-02-26,38.5,NORMAL,正常,WARN_BREADTH_PROXY
2025-02-27,41.4,CAUTION,警戒,WARN_BREADTH_PROXY
2025-02-28,53.5,CAUTION,警戒,WARN_BREADTH_PROXY
2025-03-03,43.2,CAUTION,警戒,WARN_BREADTH_PROXY
2025-03-04,40.6,CAUTION,警戒,WARN_BREADTH_PROXY
2025-03-05,33.5,NORMAL,正常,WARN_BREADTH_PROXY
2025-03-06,36.0,NORMAL,正常,WARN_BREADTH_PROXY
2025-03-07,35.2,NORMAL,正常,WARN_BREADTH_PROXY
2025-03-10,34.2,NORMAL,正常,WARN_BREADTH_PROXY
2025-03-11,30.7,NORMAL,正常,WARN_BREADTH_PROXY
2025-03-12,38.6,NORMAL,正常,WARN_BREADTH_PROXY
2025-03-13,40.6,CAUTION,警戒,WARN_BREADTH_PROXY
2025-03-14,46.4,CAUTION,警戒,WARN_BREADTH_PROXY
2025-03-17,46.6,CAUTION,警戒,WARN_BREADTH_PROXY|WARN_NOT_BRACKET_30D
2025-03-18,42.2,CAUTION,警戒,WARN_BREADTH_PROXY|WARN_NOT_BRACKET_30D
2025-03-19,45.9,CAUTION,警戒,WARN_BREADTH_PROXY
2025-03-20,43.5,CAUTION,警戒,WARN_BREADTH_PROXY
2025-03-21,44.1,CAUTION,警戒,WARN_BREADTH_PROXY
2025-03-24,33.9,NORMAL,正常,WARN_BREADTH_PROXY
2025-03-25,33.2,NORMAL,正常,WARN_BREADTH_PROXY
2025-03-26,28.1,NORMAL,正常,WARN_BREADTH_PROXY
2025-03-27,24.7,NORMAL,正常,WARN_BREADTH_PROXY
2025-03-28,27.9,NORMAL,正常,WARN_BREADTH_PROXY
2025-03-31,37.3,NORMAL,正常,WARN_BREADTH_PROXY
2025-04-01,30.1,NORMAL,正常,WARN_BREADTH_PROXY
2025-04-02,30.9,NORMAL,正常,WARN_BREADTH_PROXY
2025-04-03,39.7,NORMAL,正常,WARN_BREADTH_PROXY
2025-04-07,86.9,PANIC,恐慌区,WARN_BREADTH_PROXY
2025-04-08,73.1,HIGH_RISK,高风险,WARN_BREADTH_PROXY
2025-04-09,70.1,HIGH_RISK,高风险,WARN_BREADTH_PROXY
2025-04-10,64.6,HIGH_RISK,高风险,WARN_BREADTH_PROXY
2025-04-11,62.6,HIGH_RISK,高风险,WARN_BREADTH_PROXY
2025-04-14,49.5,CAUTION,警戒,WARN_BREADTH_PROXY|WARN_NOT_BRACKET_30D
2025-04-15,50.2,CAUTION,警戒,WARN_BREADTH_PROXY|WARN_NOT_BRACKET_30D
2025-04-16,50.7,CAUTION,警戒,WARN_BREADTH_PROXY
2025-04-17,49.8,CAUTION,警戒,WARN_BREADTH_PROXY
2025-04-18,50.8,CAUTION,警戒,WARN_BREADTH_PROXY
2025-04-21,49.9,CAUTION,警戒,WARN_BREADTH_PROXY
2025-04-22,54.0,CAUTION,警戒,WARN_BREADTH_PROXY
2025-04-23,50.2,CAUTION,警戒,WARN_BREADTH_PROXY
2025-04-24,52.7,CAUTION,警戒,WARN_BREADTH_PROXY
2025-04-25,50.3,CAUTION,警戒,WARN_BREADTH_PROXY
2025-04-28,56.0,CAUTION,警戒,WARN_BREADTH_PROXY
2025-04-29,56.1,CAUTION,警戒,WARN_BREADTH_PROXY
2025-04-30,58.5,CAUTION,警戒,WARN_BREADTH_PROXY
2025-05-06,46.4,CAUTION,警戒,WARN_BREADTH_PROXY
2025-05-07,43.6,CAUTION,警戒,WARN_BREADTH_PROXY
2025-05-08,31.3,NORMAL,正常,WARN_BREADTH_PROXY
2025-05-09,36.3,NORMAL,正常,WARN_BREADTH_PROXY
2025-05-12,33.8,NORMAL,正常,WARN_BREADTH_PROXY|WARN_NOT_BRACKET_30D
2025-05-13,29.4,NORMAL,正常,WARN_BREADTH_PROXY|WARN_NOT_BRACKET_30D
2025-05-14,35.1,NORMAL,正常,WARN_BREADTH_PROXY|WARN_NOT_BRACKET_30D
2025-05-15,36.7,NORMAL,正常,WARN_BREADTH_PROXY|WARN_NOT_BRACKET_30D
2025-05-16,29.9,NORMAL,正常,WARN_BREADTH_PROXY|WARN_NOT_BRACKET_30D
2025-05-19,25.0,NORMAL,正常,WARN_BREADTH_PROXY|WARN_NOT_BRACKET_30D
2025-05-20,27.9,NORMAL,正常,WARN_BREADTH_PROXY|WARN_NOT_BRACKET_30D
2025-05-21,26.1,NORMAL,正常,WARN_BREADTH_PROXY
2025-05-22,34.9,NORMAL,正常,WARN_BREADTH_PROXY
2025-05-23,33.4,NORMAL,正常,WARN_BREADTH_PROXY
2025-05-26,34.8,NORMAL,正常,WARN_BREADTH_PROXY
2025-05-27,35.4,NORMAL,正常,WARN_BREADTH_PROXY
2025-05-28,36.8,NORMAL,正常,WARN_BREADTH_PROXY
2025-05-29,25.8,NORMAL,正常,WARN_BREADTH_PROXY
2025-05-30,31.5,NORMAL,正常,WARN_BREADTH_PROXY
2025-06-03,22.0,NORMAL,正常,WARN_BREADTH_PROXY
2025-06-04,21.0,NORMAL,正常,WARN_BREADTH_PROXY
2025-06-05,21.3,NORMAL,正常,WARN_BREADTH_PROXY
2025-06-06,24.5,NORMAL,正常,WARN_BREADTH_PROXY
2025-06-09,21.9,NORMAL,正常,WARN_BREADTH_PROXY
2025-06-10,29.8,NORMAL,正常,WARN_BREADTH_PROXY
2025-06-11,25.4,NORMAL,正常,WARN_BREADTH_PROXY
2025-06-12,26.3,NORMAL,正常,WARN_BREADTH_PROXY
2025-06-13,37.0,NORMAL,正常,WARN_BREADTH_PROXY
2025-06-16,27.3,NORMAL,正常,WARN_BREADTH_PROXY|WARN_NOT_BRACKET_30D
2025-06-17,30.4,NORMAL,正常,WARN_BREADTH_PROXY|WARN_NOT_BRACKET_30D
2025-06-18,30.4,NORMAL,正常,WARN_BREADTH_PROXY
2025-06-19,34.0,NORMAL,正常,WARN_BREADTH_PROXY
2025-06-20,26.6,NORMAL,正常,WARN_BREADTH_PROXY
2025-06-23,16.6,CALM,平静,WARN_BREADTH_PROXY
2025-06-24,21.4,NORMAL,正常,WARN_BREADTH_PROXY
2025-06-25,38.1,NORMAL,正常,WARN_BREADTH_PROXY
2025-06-26,33.3,NORMAL,正常,WARN_BREADTH_PROXY
2025-06-27,26.7,NORMAL,正常,WARN_BREADTH_PROXY
2025-06-30,23.3,NORMAL,正常,WARN_BREADTH_PROXY
2025-07-01,18.2,CALM,平静,WARN_BREADTH_PROXY
2025-07-02,17.5,CALM,平静,WARN_BREADTH_PROXY
2025-07-03,16.4,CALM,平静,WARN_BREADTH_PROXY
2025-07-04,19.4,CALM,平静,WARN_BREADTH_PROXY
2025-07-07,25.3,NORMAL,正常,WARN_BREADTH_PROXY
2025-07-08,29.6,NORMAL,正常,WARN_BREADTH_PROXY
2025-07-09,33.7,NORMAL,正常,WARN_BREADTH_PROXY
2025-07-10,33.2,NORMAL,正常,WARN_BREADTH_PROXY
2025-07-11,37.7,NORMAL,正常,WARN_BREADTH_PROXY
2025-07-14,37.3,NORMAL,正常,WARN_BREADTH_PROXY|WARN_NOT_BRACKET_30D
2025-07-15,32.9,NORMAL,正常,WARN_BREADTH_PROXY|WARN_NOT_BRACKET_30D
2025-07-16,32.0,NORMAL,正常,WARN_BREADTH_PROXY
2025-07-17,28.6,NORMAL,正常,WARN_BREADTH_PROXY
2025-07-18,27.7,NORMAL,正常,WARN_BREADTH_PROXY
2025-07-21,34.8,NORMAL,正常,WARN_BREADTH_PROXY|WARN_QVIX_MISSING
2025-07-22,35.3,NORMAL,正常,WARN_BREADTH_PROXY
2025-07-23,43.3,CAUTION,警戒,WARN_BREADTH_PROXY
2025-07-24,41.1,CAUTION,警戒,WARN_BREADTH_PROXY
2025-07-25,43.3,CAUTION,警戒,WARN_BREADTH_PROXY
2025-07-28,38.4,NORMAL,正常,WARN_BREADTH_PROXY
2025-07-29,37.9,NORMAL,正常,WARN_BREADTH_PROXY
2025-07-30,37.1,NORMAL,正常,WARN_BREADTH_PROXY
2025-07-31,42.4,CAUTION,警戒,WARN_BREADTH_PROXY
2025-08-01,37.2,NORMAL,正常,WARN_BREADTH_PROXY
2025-08-04,31.0,NORMAL,正常,WARN_BREADTH_PROXY
2025-08-05,29.1,NORMAL,正常,WARN_BREADTH_PROXY
2025-08-06,30.6,NORMAL,正常,WARN_BREADTH_PROXY
2025-08-07,32.7,NORMAL,正常,WARN_BREADTH_PROXY
2025-08-08,33.1,NORMAL,正常,WARN_BREADTH_PROXY
2025-08-11,30.5,NORMAL,正常,WARN_BREADTH_PROXY|WARN_NOT_BRACKET_30D
2025-08-12,31.4,NORMAL,正常,WARN_BREADTH_PROXY|WARN_NOT_BRACKET_30D
2025-08-13,38.1,NORMAL,正常,WARN_BREADTH_PROXY|WARN_NOT_BRACKET_30D
2025-08-14,42.0,CAUTION,警戒,WARN_BREADTH_PROXY|WARN_NOT_BRACKET_30D
2025-08-15,45.7,CAUTION,警戒,WARN_BREADTH_PROXY|WARN_NOT_BRACKET_30D
2025-08-18,50.6,CAUTION,警戒,WARN_BREADTH_PROXY|WARN_NOT_BRACKET_30D|WARN_QVIX_MISSING
2025-08-19,50.8,CAUTION,警戒,WARN_BREADTH_PROXY|WARN_NOT_BRACKET_30D|WARN_QVIX_MISSING
2025-08-20,47.5,CAUTION,警戒,WARN_BREADTH_PROXY|WARN_QVIX_MISSING
2025-08-21,46.1,CAUTION,警戒,WARN_BREADTH_PROXY
2025-08-22,46.0,CAUTION,警戒,WARN_BREADTH_PROXY
2025-08-25,53.0,CAUTION,警戒,WARN_BREADTH_PROXY
2025-08-26,57.5,CAUTION,警戒,WARN_BREADTH_PROXY
2025-08-27,59.6,CAUTION,警戒,WARN_BREADTH_PROXY
2025-08-28,54.3,CAUTION,警戒,WARN_BREADTH_PROXY
2025-08-29,53.2,CAUTION,警戒,WARN_BREADTH_PROXY
2025-09-01,46.8,CAUTION,警戒,WARN_BREADTH_PROXY
2025-09-02,53.3,CAUTION,警戒,WARN_BREADTH_PROXY
2025-09-03,52.5,CAUTION,警戒,WARN_BREADTH_PROXY
2025-09-04,58.0,CAUTION,警戒,WARN_BREADTH_PROXY
2025-09-05,47.5,CAUTION,警戒,WARN_BREADTH_PROXY
2025-09-08,49.4,CAUTION,警戒,WARN_BREADTH_PROXY
2025-09-09,50.8,CAUTION,警戒,WARN_BREADTH_PROXY
2025-09-10,41.7,CAUTION,警戒,WARN_BREADTH_PROXY
2025-09-11,45.5,CAUTION,警戒,WARN_BREADTH_PROXY
2025-09-12,49.8,CAUTION,警戒,WARN_BREADTH_PROXY
2025-09-15,51.5,CAUTION,警戒,WARN_BREADTH_PROXY|WARN_NOT_BRACKET_30D
2025-09-16,61.1,HIGH_RISK,高风险,WARN_BREADTH_PROXY|WARN_NOT_BRACKET_30D
2025-09-17,53.6,CAUTION,警戒,WARN_BREADTH_PROXY
2025-09-18,57.2,CAUTION,警戒,WARN_BREADTH_PROXY
2025-09-19,52.1,CAUTION,警戒,WARN_BREADTH_PROXY
2025-09-22,49.5,CAUTION,警戒,WARN_BREADTH_PROXY|WARN_QVIX_MISSING
2025-09-23,49.6,CAUTION,警戒,WARN_BREADTH_PROXY
2025-09-24,40.4,CAUTION,警戒,WARN_BREADTH_PROXY
2025-09-25,38.3,NORMAL,正常,WARN_BREADTH_PROXY
2025-09-26,43.7,CAUTION,警戒,WARN_BREADTH_PROXY
2025-09-29,42.3,CAUTION,警戒,WARN_BREADTH_PROXY
2025-09-30,40.4,CAUTION,警戒,WARN_BREADTH_PROXY
2025-10-09,40.1,CAUTION,警戒,WARN_BREADTH_PROXY
2025-10-10,53.2,CAUTION,警戒,WARN_BREADTH_PROXY
2025-10-13,57.3,CAUTION,警戒,WARN_BREADTH_PROXY|WARN_NOT_BRACKET_30D
2025-10-14,61.4,HIGH_RISK,高风险,WARN_BREADTH_PROXY|WARN_NOT_BRACKET_30D
2025-10-15,47.7,CAUTION,警戒,WARN_BREADTH_PROXY|WARN_NOT_BRACKET_30D
2025-10-16,49.3,CAUTION,警戒,WARN_BREADTH_PROXY|WARN_NOT_BRACKET_30D
2025-10-17,58.3,CAUTION,警戒,WARN_BREADTH_PROXY|WARN_NOT_BRACKET_30D
2025-10-20,47.0,CAUTION,警戒,WARN_BREADTH_PROXY|WARN_NOT_BRACKET_30D
2025-10-21,40.3,CAUTION,警戒,WARN_BREADTH_PROXY|WARN_NOT_BRACKET_30D
2025-10-22,46.4,CAUTION,警戒,WARN_BREADTH_PROXY
2025-10-23,44.1,CAUTION,警戒,WARN_BREADTH_PROXY
2025-10-24,38.2,NORMAL,正常,WARN_BREADTH_PROXY
2025-10-27,40.6,CAUTION,警戒,WARN_BREADTH_PROXY
2025-10-28,44.7,CAUTION,警戒,WARN_BREADTH_PROXY
2025-10-29,41.6,CAUTION,警戒,WARN_BREADTH_PROXY
2025-10-30,44.3,CAUTION,警戒,WARN_BREADTH_PROXY
2025-10-31,48.4,CAUTION,警戒,WARN_BREADTH_PROXY
2025-11-03,44.9,CAUTION,警戒,WARN_BREADTH_PROXY
2025-11-04,49.6,CAUTION,警戒,WARN_BREADTH_PROXY
2025-11-05,44.3,CAUTION,警戒,WARN_BREADTH_PROXY
2025-11-06,40.3,CAUTION,警戒,WARN_BREADTH_PROXY
2025-11-07,43.4,CAUTION,警戒,WARN_BREADTH_PROXY
2025-11-10,45.1,CAUTION,警戒,WARN_BREADTH_PROXY|WARN_QVIX_MISSING
2025-11-11,49.7,CAUTION,警戒,WARN_BREADTH_PROXY
2025-11-12,47.8,CAUTION,警戒,WARN_BREADTH_PROXY
2025-11-13,40.7,CAUTION,警戒,WARN_BREADTH_PROXY
2025-11-14,46.0,CAUTION,警戒,WARN_BREADTH_PROXY
2025-11-17,48.9,CAUTION,警戒,WARN_BREADTH_PROXY|WARN_NOT_BRACKET_30D
2025-11-18,53.3,CAUTION,警戒,WARN_BREADTH_PROXY|WARN_NOT_BRACKET_30D
2025-11-19,47.0,CAUTION,警戒,WARN_BREADTH_PROXY
2025-11-20,46.7,CAUTION,警戒,WARN_BREADTH_PROXY
2025-11-21,60.8,HIGH_RISK,高风险,WARN_BREADTH_PROXY
2025-11-24,46.5,CAUTION,警戒,WARN_BREADTH_PROXY
2025-11-25,36.6,NORMAL,正常,WARN_BREADTH_PROXY
2025-11-26,32.6,NORMAL,正常,WARN_BREADTH_PROXY
2025-11-27,35.1,NORMAL,正常,WARN_BREADTH_PROXY|WARN_QVIX_MISSING
2025-11-28,27.5,NORMAL,正常,WARN_BREADTH_PROXY|WARN_QVIX_MISSING
2025-12-01,30.7,NORMAL,正常,WARN_BREADTH_PROXY|WARN_QVIX_MISSING
2025-12-02,32.9,NORMAL,正常,WARN_BREADTH_PROXY
2025-12-03,35.9,NORMAL,正常,WARN_BREADTH_PROXY
2025-12-04,29.0,NORMAL,正常,WARN_BREADTH_PROXY
2025-12-05,27.8,NORMAL,正常,WARN_BREADTH_PROXY
2025-12-08,33.5,NORMAL,正常,WARN_BREADTH_PROXY
2025-12-09,32.6,NORMAL,正常,WARN_BREADTH_PROXY
2025-12-10,36.0,NORMAL,正常,WARN_BREADTH_PROXY
2025-12-11,39.0,NORMAL,正常,WARN_BREADTH_PROXY
2025-12-12,30.0,NORMAL,正常,WARN_BREADTH_PROXY
2025-12-15,34.4,NORMAL,正常,WARN_BREADTH_PROXY|WARN_NOT_BRACKET_30D
2025-12-16,40.1,CAUTION,警戒,WARN_BREADTH_PROXY|WARN_NOT_BRACKET_30D
2025-12-17,35.5,NORMAL,正常,WARN_BREADTH_PROXY
2025-12-18,40.9,CAUTION,警戒,WARN_BREADTH_PROXY
2025-12-19,27.8,NORMAL,正常,WARN_BREADTH_PROXY
2025-12-22,24.3,NORMAL,正常,WARN_BREADTH_PROXY
2025-12-23,23.6,NORMAL,正常,WARN_BREADTH_PROXY
2025-12-24,27.7,NORMAL,正常,WARN_BREADTH_PROXY
2025-12-25,24.1,NORMAL,正常,WARN_BREADTH_PROXY
2025-12-26,26.9,NORMAL,正常,WARN_BREADTH_PROXY
2025-12-29,34.7,NORMAL,正常,WARN_BREADTH_PROXY
2025-12-30,32.5,NORMAL,正常,WARN_BREADTH_PROXY
2025-12-31,33.5,NORMAL,正常,WARN_BREADTH_PROXY
2026-01-05,31.4,NORMAL,正常,WARN_BREADTH_PROXY
2026-01-06,38.1,NORMAL,正常,WARN_BREADTH_PROXY
2026-01-07,38.7,NORMAL,正常,WARN_BREADTH_PROXY
2026-01-08,41.6,CAUTION,警戒,WARN_BREADTH_PROXY
2026-01-09,41.6,CAUTION,警戒,WARN_BREADTH_PROXY
2026-01-12,52.9,CAUTION,警戒,WARN_BREADTH_PROXY|WARN_NOT_BRACKET_30D
2026-01-13,56.2,CAUTION,警戒,WARN_BREADTH_PROXY|WARN_NOT_BRACKET_30D
2026-01-14,52.3,CAUTION,警戒,WARN_BREADTH_PROXY|WARN_NOT_BRACKET_30D
2026-01-15,41.7,CAUTION,警戒,WARN_BREADTH_PROXY|WARN_NOT_BRACKET_30D
2026-01-16,40.3,CAUTION,警戒,WARN_BREADTH_PROXY|WARN_NOT_BRACKET_30D
2026-01-19,25.3,NORMAL,正常,WARN_BREADTH_PROXY|WARN_NOT_BRACKET_30D|WARN_QVIX_MISSING
2026-01-20,24.3,NORMAL,正常,WARN_BREADTH_PROXY|WARN_NOT_BRACKET_30D|WARN_QVIX_MISSING
2026-01-21,19.3,CALM,平静,WARN_BREADTH_PROXY|WARN_NOT_BRACKET_30D|WARN_QVIX_MISSING
2026-01-22,20.7,NORMAL,正常,WARN_BREADTH_PROXY|WARN_NOT_BRACKET_30D|WARN_QVIX_MISSING
2026-01-23,35.7,NORMAL,正常,WARN_BREADTH_PROXY|WARN_NOT_BRACKET_30D|WARN_QVIX_MISSING
2026-01-26,48.5,CAUTION,警戒,WARN_BREADTH_PROXY|WARN_QVIX_MISSING
2026-01-27,42.2,CAUTION,警戒,WARN_BREADTH_PROXY|WARN_QVIX_MISSING
2026-01-28,45.8,CAUTION,警戒,WARN_BREADTH_PROXY|WARN_QVIX_MISSING
2026-01-29,48.6,CAUTION,警戒,WARN_BREADTH_PROXY|WARN_QVIX_MISSING
2026-01-30,49.7,CAUTION,警戒,WARN_BREADTH_PROXY|WARN_QVIX_MISSING
2026-02-02,66.8,HIGH_RISK,高风险,WARN_BREADTH_PROXY
2026-02-03,51.7,CAUTION,警戒,WARN_BREADTH_PROXY|WARN_QVIX_MISSING
2026-02-04,44.5,CAUTION,警戒,WARN_BREADTH_PROXY|WARN_QVIX_MISSING
2026-02-05,46.0,CAUTION,警戒,WARN_BREADTH_PROXY|WARN_QVIX_MISSING
2026-02-06,45.9,CAUTION,警戒,WARN_BREADTH_PROXY|WARN_QVIX_MISSING
2026-02-09,36.8,NORMAL,正常,WARN_BREADTH_PROXY|WARN_QVIX_MISSING
2026-02-10,33.4,NORMAL,正常,WARN_BREADTH_PROXY
2026-02-11,35.0,NORMAL,正常,WARN_BREADTH_PROXY
2026-02-12,34.8,NORMAL,正常,WARN_BREADTH_PROXY|WARN_QVIX_MISSING
2026-02-13,51.5,CAUTION,警戒,WARN_BREADTH_PROXY|WARN_QVIX_MISSING
2026-02-24,34.6,NORMAL,正常,WARN_BREADTH_PROXY
2026-02-25,32.7,NORMAL,正常,WARN_BREADTH_PROXY|WARN_QVIX_MISSING
2026-02-26,26.3,NORMAL,正常,WARN_BREADTH_PROXY
2026-02-27,28.3,NORMAL,正常,WARN_BREADTH_PROXY|WARN_QVIX_MISSING
2026-03-02,33.0,NORMAL,正常,WARN_BREADTH_PROXY|WARN_QVIX_MISSING
2026-03-03,52.4,CAUTION,警戒,WARN_BREADTH_PROXY|WARN_QVIX_MISSING
2026-03-04,56.7,CAUTION,警戒,WARN_BREADTH_PROXY|WARN_QVIX_MISSING
2026-03-05,40.4,CAUTION,警戒,WARN_BREADTH_PROXY|WARN_QVIX_MISSING
2026-03-06,35.4,NORMAL,正常,WARN_BREADTH_PROXY|WARN_QVIX_MISSING
2026-03-09,53.8,CAUTION,警戒,WARN_BREADTH_PROXY|WARN_QVIX_MISSING
2026-03-10,38.6,NORMAL,正常,WARN_BREADTH_PROXY|WARN_QVIX_MISSING
2026-03-11,35.1,NORMAL,正常,WARN_BREADTH_PROXY
2026-03-12,46.4,CAUTION,警戒,WARN_BREADTH_PROXY|WARN_QVIX_MISSING
2026-03-13,51.1,CAUTION,警戒,WARN_BREADTH_PROXY
2026-03-16,45.2,CAUTION,警戒,WARN_BREADTH_PROXY|WARN_NOT_BRACKET_30D|WARN_QVIX_MISSING
2026-03-17,46.9,CAUTION,警戒,WARN_BREADTH_PROXY|WARN_NOT_BRACKET_30D|WARN_QVIX_MISSING
2026-03-18,39.0,NORMAL,正常,WARN_BREADTH_PROXY|WARN_QVIX_MISSING
2026-03-19,54.7,CAUTION,警戒,WARN_BREADTH_PROXY|WARN_QVIX_MISSING
2026-03-20,56.2,CAUTION,警戒,WARN_BREADTH_PROXY|WARN_QVIX_MISSING
2026-03-23,80.4,PANIC,恐慌区,WARN_BREADTH_PROXY|WARN_QVIX_MISSING
2026-03-24,62.4,HIGH_RISK,高风险,WARN_BREADTH_PROXY|WARN_QVIX_MISSING
2026-03-25,51.3,CAUTION,警戒,WARN_BREADTH_PROXY|WARN_QVIX_MISSING
2026-03-26,62.0,HIGH_RISK,高风险,WARN_BREADTH_PROXY|WARN_QVIX_MISSING
2026-03-27,53.5,CAUTION,警戒,WARN_BREADTH_PROXY|WARN_QVIX_MISSING
2026-03-30,56.3,CAUTION,警戒,WARN_BREADTH_PROXY|WARN_QVIX_MISSING
2026-03-31,61.4,HIGH_RISK,高风险,WARN_BREADTH_PROXY|WARN_QVIX_MISSING
2026-04-01,48.7,CAUTION,警戒,WARN_BREADTH_PROXY|WARN_QVIX_MISSING
2026-04-02,58.9,CAUTION,警戒,WARN_BREADTH_PROXY|WARN_QVIX_MISSING
2026-04-03,63.4,HIGH_RISK,高风险,WARN_BREADTH_PROXY|WARN_QVIX_MISSING
2026-04-07,56.1,CAUTION,警戒,WARN_BREADTH_PROXY|WARN_QVIX_MISSING
2026-04-08,44.9,CAUTION,警戒,WARN_BREADTH_PROXY|WARN_QVIX_MISSING
2026-04-09,46.9,CAUTION,警戒,WARN_BREADTH_PROXY|WARN_QVIX_MISSING
2026-04-10,43.3,CAUTION,警戒,WARN_BREADTH_PROXY|WARN_QVIX_MISSING
2026-04-13,44.3,CAUTION,警戒,WARN_BREADTH_PROXY|WARN_NOT_BRACKET_30D|WARN_QVIX_MISSING
2026-04-14,44.7,CAUTION,警戒,WARN_BREADTH_PROXY|WARN_NOT_BRACKET_30D|WARN_QVIX_MISSING
2026-04-15,48.5,CAUTION,警戒,WARN_BREADTH_PROXY|WARN_QVIX_MISSING
2026-04-16,44.6,CAUTION,警戒,WARN_BREADTH_PROXY|WARN_QVIX_MISSING
2026-04-17,44.7,CAUTION,警戒,WARN_BREADTH_PROXY|WARN_QVIX_MISSING
2026-04-20,43.4,CAUTION,警戒,WARN_BREADTH_PROXY|WARN_QVIX_MISSING
2026-04-21,39.6,NORMAL,正常,WARN_BREADTH_PROXY
2026-04-22,39.7,NORMAL,正常,WARN_BREADTH_PROXY|WARN_QVIX_MISSING
2026-04-23,43.9,CAUTION,警戒,WARN_BREADTH_PROXY|WARN_QVIX_MISSING
2026-04-24,42.1,CAUTION,警戒,WARN_BREADTH_PROXY|WARN_QVIX_MISSING
2026-04-27,37.5,NORMAL,正常,WARN_BREADTH_PROXY|WARN_QVIX_MISSING
2026-04-28,40.8,CAUTION,警戒,WARN_BREADTH_PROXY|WARN_QVIX_MISSING
2026-04-29,30.4,NORMAL,正常,WARN_BREADTH_PROXY
2026-04-30,39.1,NORMAL,正常,WARN_BREADTH_PROXY|WARN_QVIX_MISSING
2026-05-06,41.3,CAUTION,警戒,WARN_BREADTH_PROXY|WARN_QVIX_MISSING
2026-05-07,42.8,CAUTION,警戒,WARN_BREADTH_PROXY|WARN_QVIX_MISSING
2026-05-08,46.3,CAUTION,警戒,WARN_BREADTH_PROXY|WARN_QVIX_MISSING
2026-05-11,48.9,CAUTION,警戒,WARN_BREADTH_PROXY|WARN_NOT_BRACKET_30D|WARN_QVIX_MISSING
2026-05-12,52.3,CAUTION,警戒,WARN_BREADTH_PROXY|WARN_NOT_BRACKET_30D|WARN_QVIX_MISSING
2026-05-13,45.8,CAUTION,警戒,WARN_BREADTH_PROXY|WARN_NOT_BRACKET_30D|WARN_QVIX_MISSING
2026-05-14,48.0,CAUTION,警戒,WARN_BREADTH_PROXY|WARN_NOT_BRACKET_30D|WARN_QVIX_MISSING
2026-05-15,52.7,CAUTION,警戒,WARN_BREADTH_PROXY|WARN_NOT_BRACKET_30D|WARN_QVIX_MISSING
2026-05-18,48.5,CAUTION,警戒,WARN_BREADTH_PROXY|WARN_NOT_BRACKET_30D|WARN_QVIX_MISSING
2026-05-19,42.1,CAUTION,警戒,WARN_BREADTH_PROXY|WARN_NOT_BRACKET_30D|WARN_QVIX_MISSING
2026-05-20,38.1,NORMAL,正常,WARN_BREADTH_PROXY|WARN_NOT_BRACKET_30D|WARN_QVIX_MISSING
2026-05-21,50.1,CAUTION,警戒,WARN_BREADTH_PROXY|WARN_NOT_BRACKET_30D|WARN_QVIX_MISSING
2026-05-22,40.8,CAUTION,警戒,WARN_BREADTH_PROXY|WARN_NOT_BRACKET_30D|WARN_QVIX_MISSING
2026-05-25,42.6,CAUTION,警戒,WARN_BREADTH_PROXY|WARN_QVIX_MISSING
2026-05-26,49.9,CAUTION,警戒,WARN_BREADTH_PROXY|WARN_QVIX_MISSING
2026-05-27,56.4,CAUTION,警戒,WARN_BREADTH_PROXY|WARN_QVIX_MISSING
2026-05-28,46.6,CAUTION,警戒,WARN_BREADTH_PROXY|WARN_QVIX_MISSING
2026-05-29,55.0,CAUTION,警戒,WARN_BREADTH_PROXY
2026-06-01,58.1,CAUTION,警戒,WARN_BREADTH_PROXY|WARN_QVIX_MISSING
2026-06-02,50.3,CAUTION,警戒,WARN_BREADTH_PROXY|WARN_QVIX_MISSING
2026-06-03,47.0,CAUTION,警戒,WARN_BREADTH_PROXY|WARN_QVIX_MISSING
2026-06-04,54.3,CAUTION,警戒,WARN_BREADTH_PROXY|WARN_QVIX_MISSING
2026-06-05,59.5,CAUTION,警戒,WARN_BREADTH_PROXY|WARN_QVIX_MISSING
2026-06-08,70.6,HIGH_RISK,高风险,WARN_BREADTH_PROXY|WARN_QVIX_MISSING
2026-06-09,55.6,CAUTION,警戒,WARN_BREADTH_PROXY|WARN_QVIX_MISSING
2026-06-10,62.6,HIGH_RISK,高风险,WARN_BREADTH_PROXY|WARN_QVIX_MISSING
2026-06-11,60.5,HIGH_RISK,高风险,WARN_BREADTH_PROXY|WARN_QVIX_MISSING
2026-06-12,52.1,CAUTION,警戒,WARN_BREADTH_PROXY|WARN_QVIX_MISSING
2026-06-15,49.9,CAUTION,警戒,WARN_BREADTH_PROXY|WARN_QVIX_MISSING
2026-06-16,56.6,CAUTION,警戒,WARN_BREADTH_PROXY|WARN_NOT_BRACKET_30D|WARN_QVIX_MISSING
2026-06-17,56.6,CAUTION,警戒,WARN_BREADTH_PROXY|WARN_QVIX_MISSING
2026-06-18,59.9,CAUTION,警戒,WARN_BREADTH_PROXY|WARN_QVIX_MISSING
2026-06-22,62.4,HIGH_RISK,高风险,WARN_BREADTH_PROXY|WARN_QVIX_MISSING
2026-06-23,72.4,HIGH_RISK,高风险,WARN_BREADTH_PROXY|WARN_QVIX_MISSING
2026-06-24,62.7,HIGH_RISK,高风险,WARN_BREADTH_PROXY|WARN_QVIX_MISSING
2026-06-25,59.9,CAUTION,警戒,WARN_BREADTH_PROXY|WARN_QVIX_MISSING
2026-06-26,73.8,HIGH_RISK,高风险,WARN_BREADTH_PROXY|WARN_QVIX_MISSING
2026-06-29,65.2,HIGH_RISK,高风险,WARN_BREADTH_PROXY|WARN_QVIX_MISSING
2026-06-30,61.8,HIGH_RISK,高风险,WARN_BREADTH_PROXY|WARN_QVIX_MISSING
2026-07-01,64.0,HIGH_RISK,高风险,WARN_BREADTH_PROXY|WARN_QVIX_MISSING
2026-07-02,75.4,PANIC,恐慌区,WARN_BREADTH_PROXY|WARN_QVIX_MISSING
